,image_id,file_name,text,home or hotel,person,bottle,cup,bowl,chair,couch,bed,dining table,tv,laptop,remote,cell phone,oven,sink,book
49385,332706,images/real/000000332706.jpg,"1 tv, 1 keyboard, 9 book, 1 scissors",0,0,0,0,0,0,0,0,0,1,0,0,0,0,0,1
49389,496799,images/real/000000496799.jpg,"1 person, 1 bottle, 1 knife, 3 orange, 1 broccoli, 2 potted plant",1,1,1,0,0,0,0,0,0,0,0,0,0,0,0,0
49434,245460,images/real/000000245460.jpg,"1 person, 1 bed, 1 remote, 2 book",1,1,0,0,0,0,0,1,0,0,0,1,0,0,0,1
49437,332574,images/real/000000332574.jpg,1 microwave,0,0,0,0,0,0,0,0,0,0,0,0,0,0,0,0
49448,381908,images/real/000000381908.jpg,"1 person, 10 bottle, 1 refrigerator",1,1,1,0,0,0,0,0,0,0,0,0,0,0,0,0
49451,516008,images/real/000000516008.jpg,"1 laptop, 1 mouse, 2 keyboard, 6 book, 1 scissors",0,0,0,0,0,0,0,0,0,0,1,0,0,0,0,1
49453,524649,images/real/000000524649.jpg,"1 person, 6 bottle, 1 apple, 3 orange, 1 refrigerator",1,1,1,0,0,0,0,0,0,0,0,0,0,0,0,0
49456,114093,images/real/000000114093.jpg,1 suitcase,0,0,0,0,0,0,0,0,0,0,0,0,0,0,0,0
49468,468608,images/real/000000468608.jpg,"1 person, 1 cup, 1 knife, 1 cake, 1 dining table",1,1,0,1,0,0,0,0,1,0,0,0,0,0,0,0
49475,57814,images/real/000000057814.jpg,1 dog,0,0,0,0,0,0,0,0,0,0,0,0,0,0,0,0
49481,540795,images/real/000000540795.jpg,"1 person, 2 cup, 1 toilet, 1 sink",1,1,0,1,0,0,0,0,0,0,0,0,0,0,1,0
49484,489501,images/real/000000489501.jpg,"1 person, 1 couch, 1 teddy bear",1,1,0,0,0,0,1,0,0,0,0,0,0,0,0,0
49485,397005,images/real/000000397005.jpg,"1 person, 1 cake, 1 chair, 1 dining table",1,1,0,0,0,1,0,0,1,0,0,0,0,0,0,0
49489,275644,images/real/000000275644.jpg,"1 laptop, 1 keyboard, 1 book",0,0,0,0,0,0,0,0,0,0,1,0,0,0,0,1
49493,195155,images/real/000000195155.jpg,"1 dog, 1 chair",0,0,0,0,0,1,0,0,0,0,0,0,0,0,0,0
49502,34993,images/real/000000034993.jpg,"1 person, 2 cup, 2 chair, 2 tv, 1 laptop, 1 sink, 1 refrigerator",1,1,0,1,0,1,0,0,0,1,1,0,0,0,1,0
49511,474168,images/real/000000474168.jpg,"1 person, 1 sports ball, 1 tennis racket",1,1,0,0,0,0,0,0,0,0,0,0,0,0,0,0
49531,29706,images/real/000000029706.jpg,"1 person, 7 bottle, 1 refrigerator",1,1,1,0,0,0,0,0,0,0,0,0,0,0,0,0
49532,12991,images/real/000000012991.jpg,"1 person, 1 fork, 2 knife, 1 laptop",1,1,0,0,0,0,0,0,0,0,1,0,0,0,0,0
49550,532381,images/real/000000532381.jpg,1 dog,0,0,0,0,0,0,0,0,0,0,0,0,0,0,0,0
49553,33157,images/real/000000033157.jpg,1 cow,0,0,0,0,0,0,0,0,0,0,0,0,0,0,0,0
49563,41505,images/real/000000041505.jpg,"1 cat, 1 couch, 1 laptop",0,0,0,0,0,0,1,0,0,0,1,0,0,0,0,0
49572,102632,images/real/000000102632.jpg,"1 potted plant, 2 tv, 1 laptop, 1 mouse, 3 keyboard, 2 book",0,0,0,0,0,0,0,0,0,1,1,0,0,0,0,1
49574,276057,images/real/000000276057.jpg,"1 person, 1 bottle, 1 bed, 3 laptop, 2 mouse, 1 cell phone",1,1,1,0,0,0,0,1,0,0,1,0,1,0,0,0
49577,486004,images/real/000000486004.jpg,1 toothbrush,0,0,0,0,0,0,0,0,0,0,0,0,0,0,0,0
49589,217299,images/real/000000217299.jpg,2 cat,0,0,0,0,0,0,0,0,0,0,0,0,0,0,0,0
49590,544522,images/real/000000544522.jpg,"1 person, 1 cup, 2 bowl, 4 orange, 1 sink, 1 clock",1,1,0,1,1,0,0,0,0,0,0,0,0,0,1,0
49592,526962,images/real/000000526962.jpg,"1 cat, 1 banana",0,0,0,0,0,0,0,0,0,0,0,0,0,0,0,0
49616,222659,images/real/000000222659.jpg,"1 bench, 1 cat, 1 potted plant",0,0,0,0,0,0,0,0,0,0,0,0,0,0,0,0
49637,242915,images/real/000000242915.jpg,"1 person, 1 horse",1,1,0,0,0,0,0,0,0,0,0,0,0,0,0,0
49638,225312,images/real/000000225312.jpg,1 microwave,0,0,0,0,0,0,0,0,0,0,0,0,0,0,0,0
49640,165835,images/real/000000165835.jpg,"1 person, 1 bed",1,1,0,0,0,0,0,1,0,0,0,0,0,0,0,0
49647,296492,images/real/000000296492.jpg,"1 person, 2 bottle, 2 cup, 1 knife, 3 bowl, 2 apple, 1 sink",1,1,1,1,1,0,0,0,0,0,0,0,0,0,1,0
49648,226938,images/real/000000226938.jpg,"2 cat, 1 bed, 4 book, 1 teddy bear",0,0,0,0,0,0,0,1,0,0,0,0,0,0,0,1
49652,122982,images/real/000000122982.jpg,"1 sports ball, 1 bottle, 1 chair, 1 laptop, 1 mouse, 1 scissors",0,0,1,0,0,1,0,0,0,0,1,0,0,0,0,0
49653,173345,images/real/000000173345.jpg,2 cat,0,0,0,0,0,0,0,0,0,0,0,0,0,0,0,0
49657,186822,images/real/000000186822.jpg,"1 person, 1 horse, 1 bottle, 2 cup, 1 toilet, 1 sink, 2 toothbrush",1,1,1,1,0,0,0,0,0,0,0,0,0,0,1,0
49666,327813,images/real/000000327813.jpg,"1 chair, 2 couch, 1 potted plant, 2 book, 1 vase",0,0,0,0,0,1,1,0,0,0,0,0,0,0,0,1
49668,232790,images/real/000000232790.jpg,14 tie,0,0,0,0,0,0,0,0,0,0,0,0,0,0,0,0
49676,248319,images/real/000000248319.jpg,"1 tv, 1 keyboard",0,0,0,0,0,0,0,0,0,1,0,0,0,0,0,0
49677,511148,images/real/000000511148.jpg,"1 cat, 1 suitcase",0,0,0,0,0,0,0,0,0,0,0,0,0,0,0,0
49678,108113,images/real/000000108113.jpg,"1 dog, 1 donut, 1 bed",0,0,0,0,0,0,0,1,0,0,0,0,0,0,0,0
49690,239204,images/real/000000239204.jpg,"1 person, 2 knife, 1 bowl, 1 cake, 2 chair, 1 dining table",1,1,0,0,1,1,0,0,1,0,0,0,0,0,0,0
49691,62531,images/real/000000062531.jpg,"1 person, 3 toilet, 1 sink",1,1,0,0,0,0,0,0,0,0,0,0,0,0,1,0
49705,453065,images/real/000000453065.jpg,"1 person, 1 couch, 1 tv, 1 vase",1,1,0,0,0,0,1,0,0,1,0,0,0,0,0,0
49710,138103,images/real/000000138103.jpg,"1 person, 1 banana",1,1,0,0,0,0,0,0,0,0,0,0,0,0,0,0
49714,362327,images/real/000000362327.jpg,"1 cat, 1 couch",0,0,0,0,0,0,1,0,0,0,0,0,0,0,0,0
49717,400245,images/real/000000400245.jpg,"1 person, 1 banana, 1 chair",1,1,0,0,0,1,0,0,0,0,0,0,0,0,0,0
49718,451493,images/real/000000451493.jpg,"1 cat, 1 bowl",0,0,0,0,1,0,0,0,0,0,0,0,0,0,0,0
49730,465825,images/real/000000465825.jpg,"3 tv, 2 laptop, 1 mouse, 3 keyboard, 1 cell phone",0,0,0,0,0,0,0,0,0,1,1,0,1,0,0,0
49731,273556,images/real/000000273556.jpg,"1 person, 1 toilet",1,1,0,0,0,0,0,0,0,0,0,0,0,0,0,0
49739,15906,images/real/000000015906.jpg,"1 chair, 1 book, 1 clock",0,0,0,0,0,1,0,0,0,0,0,0,0,0,0,1
49745,120159,images/real/000000120159.jpg,"1 person, 10 sandwich, 7 donut, 1 chair, 2 keyboard, 1 microwave",1,1,0,0,0,1,0,0,0,0,0,0,0,0,0,0
49746,348816,images/real/000000348816.jpg,"1 dog, 1 suitcase, 1 bed",0,0,0,0,0,0,0,1,0,0,0,0,0,0,0,0
49752,538210,images/real/000000538210.jpg,"1 bottle, 1 cup, 1 chair, 1 tv, 1 mouse, 1 keyboard, 4 book",0,0,1,1,0,1,0,0,0,1,0,0,0,0,0,1
49769,37367,images/real/000000037367.jpg,"1 bottle, 1 cup, 5 chair, 1 couch, 1 dining table, 1 laptop, 1 mouse, 1 remote",0,0,1,1,0,1,1,0,1,0,1,1,0,0,0,0
49771,178299,images/real/000000178299.jpg,"1 cat, 4 bottle, 1 sink, 1 toothbrush",0,0,1,0,0,0,0,0,0,0,0,0,0,0,1,0
49776,489734,images/real/000000489734.jpg,"1 person, 1 bottle, 1 remote, 5 book",1,1,1,0,0,0,0,0,0,0,0,1,0,0,0,1
49778,511392,images/real/000000511392.jpg,"1 person, 1 cup, 1 chair, 1 dining table, 1 microwave, 15 book",1,1,0,1,0,1,0,0,1,0,0,0,0,0,0,1
49788,5038,images/real/000000005038.jpg,"1 person, 1 bottle, 1 bed",1,1,1,0,0,0,0,1,0,0,0,0,0,0,0,0
49793,63079,images/real/000000063079.jpg,"3 car, 2 parking meter",0,0,0,0,0,0,0,0,0,0,0,0,0,0,0,0
49810,330881,images/real/000000330881.jpg,"1 tv, 1 laptop, 1 keyboard",0,0,0,0,0,0,0,0,0,1,1,0,0,0,0,0
49846,284846,images/real/000000284846.jpg,"1 person, 1 bird, 1 chair, 1 cell phone",1,1,0,0,0,1,0,0,0,0,0,0,1,0,0,0
49847,399594,images/real/000000399594.jpg,"2 dog, 1 backpack, 1 bed",0,0,0,0,0,0,0,1,0,0,0,0,0,0,0,0
49864,544046,images/real/000000544046.jpg,"1 person, 1 keyboard, 1 cell phone, 1 book",1,1,0,0,0,0,0,0,0,0,0,0,1,0,0,1
49867,533988,images/real/000000533988.jpg,"1 person, 1 bed",1,1,0,0,0,0,0,1,0,0,0,0,0,0,0,0
49872,367836,images/real/000000367836.jpg,"1 cat, 1 suitcase",0,0,0,0,0,0,0,0,0,0,0,0,0,0,0,0
49882,183080,images/real/000000183080.jpg,"1 mouse, 1 keyboard",0,0,0,0,0,0,0,0,0,0,0,0,0,0,0,0
49885,101816,images/real/000000101816.jpg,"1 person, 1 bottle, 1 toilet, 1 sink",1,1,1,0,0,0,0,0,0,0,0,0,0,0,1,0
49890,578892,images/real/000000578892.jpg,"2 bottle, 1 cup, 2 chair",0,0,1,1,0,1,0,0,0,0,0,0,0,0,0,0
49891,392186,images/real/000000392186.jpg,"1 dog, 1 bed, 1 book",0,0,0,0,0,0,0,1,0,0,0,0,0,0,0,1
49894,516176,images/real/000000516176.jpg,"1 person, 1 backpack, 1 handbag, 1 tie",1,1,0,0,0,0,0,0,0,0,0,0,0,0,0,0
49908,25854,images/real/000000025854.jpg,1 dog,0,0,0,0,0,0,0,0,0,0,0,0,0,0,0,0
49923,567754,images/real/000000567754.jpg,"1 cat, 2 bottle, 1 sink",0,0,1,0,0,0,0,0,0,0,0,0,0,0,1,0
49934,343503,images/real/000000343503.jpg,"1 chair, 1 potted plant, 1 tv, 1 laptop, 1 mouse, 1 keyboard",0,0,0,0,0,1,0,0,0,1,1,0,0,0,0,0
49935,497528,images/real/000000497528.jpg,"1 bottle, 3 cup, 3 knife, 2 spoon, 1 oven, 1 refrigerator",0,0,1,1,0,0,0,0,0,0,0,0,0,1,0,0
49938,11091,images/real/000000011091.jpg,"1 person, 1 cat, 1 chair, 1 bed, 1 tv, 1 laptop",1,1,0,0,0,1,0,1,0,1,1,0,0,0,0,0
49941,425914,images/real/000000425914.jpg,"1 cat, 1 couch",0,0,0,0,0,0,1,0,0,0,0,0,0,0,0,0
49953,554534,images/real/000000554534.jpg,2 teddy bear,0,0,0,0,0,0,0,0,0,0,0,0,0,0,0,0
49957,34824,images/real/000000034824.jpg,"1 dog, 3 chair, 1 dining table",0,0,0,0,0,1,0,0,1,0,0,0,0,0,0,0
49970,336469,images/real/000000336469.jpg,"1 person, 2 toilet, 1 sink",1,1,0,0,0,0,0,0,0,0,0,0,0,0,1,0
49979,492302,images/real/000000492302.jpg,"2 potted plant, 1 vase",0,0,0,0,0,0,0,0,0,0,0,0,0,0,0,0
49982,233660,images/real/000000233660.jpg,"5 bicycle, 1 car, 2 dog",0,0,0,0,0,0,0,0,0,0,0,0,0,0,0,0
49986,308098,images/real/000000308098.jpg,"1 dog, 1 carrot",0,0,0,0,0,0,0,0,0,0,0,0,0,0,0,0
49991,70411,images/real/000000070411.jpg,"1 cat, 1 suitcase, 1 bed",0,0,0,0,0,0,0,1,0,0,0,0,0,0,0,0
49996,432770,images/real/000000432770.jpg,"1 person, 1 bed",1,1,0,0,0,0,0,1,0,0,0,0,0,0,0,0
49997,75954,images/real/000000075954.jpg,1 sheep,0,0,0,0,0,0,0,0,0,0,0,0,0,0,0,0
50001,104470,images/real/000000104470.jpg,"1 person, 4 banana, 2 sandwich, 1 potted plant",1,1,0,0,0,0,0,0,0,0,0,0,0,0,0,0
50004,461256,images/real/000000461256.jpg,"1 person, 2 spoon, 1 bowl, 1 potted plant, 2 oven, 1 sink",1,1,0,0,1,0,0,0,0,0,0,0,0,1,1,0
50011,112553,images/real/000000112553.jpg,"1 person, 1 cat, 5 bottle, 1 bowl, 1 microwave",1,1,1,0,1,0,0,0,0,0,0,0,0,0,0,0
50014,18658,images/real/000000018658.jpg,"1 bottle, 1 potted plant, 1 tv, 2 laptop, 1 keyboard",0,0,1,0,0,0,0,0,0,1,1,0,0,0,0,0
50018,532239,images/real/000000532239.jpg,"1 bird, 7 bottle, 4 orange, 2 chair, 8 potted plant, 9 book, 1 vase",0,0,1,0,0,1,0,0,0,0,0,0,0,0,0,1
50027,557780,images/real/000000557780.jpg,"1 dog, 1 sandwich, 1 hot dog, 1 bed",0,0,0,0,0,0,0,1,0,0,0,0,0,0,0,0
50033,576011,images/real/000000576011.jpg,1 suitcase,0,0,0,0,0,0,0,0,0,0,0,0,0,0,0,0
50036,435316,images/real/000000435316.jpg,"1 cat, 1 sink",0,0,0,0,0,0,0,0,0,0,0,0,0,0,1,0
50039,216468,images/real/000000216468.jpg,"1 person, 1 chair, 1 tv, 1 remote",1,1,0,0,0,1,0,0,0,1,0,1,0,0,0,0
50044,564655,images/real/000000564655.jpg,"1 cat, 1 couch",0,0,0,0,0,0,1,0,0,0,0,0,0,0,0,0
50058,97964,images/real/000000097964.jpg,"1 bottle, 1 tv, 1 laptop, 1 mouse, 1 keyboard, 2 book",0,0,1,0,0,0,0,0,0,1,1,0,0,0,0,1
50059,20046,images/real/000000020046.jpg,"1 person, 1 handbag, 2 chair, 1 potted plant, 1 bed, 1 laptop, 4 book",1,1,0,0,0,1,0,1,0,0,1,0,0,0,0,1
50066,47388,images/real/000000047388.jpg,"1 bowl, 2 apple, 2 orange",0,0,0,0,1,0,0,0,0,0,0,0,0,0,0,0
50078,264618,images/real/000000264618.jpg,"5 cup, 1 toaster",0,0,0,1,0,0,0,0,0,0,0,0,0,0,0,0
50084,495607,images/real/000000495607.jpg,2 cat,0,0,0,0,0,0,0,0,0,0,0,0,0,0,0,0
50086,358690,images/real/000000358690.jpg,"1 person, 1 tie, 1 suitcase",1,1,0,0,0,0,0,0,0,0,0,0,0,0,0,0
50088,541109,images/real/000000541109.jpg,"1 cat, 1 umbrella, 3 book",0,0,0,0,0,0,0,0,0,0,0,0,0,0,0,1
50089,434409,images/real/000000434409.jpg,"1 person, 1 donut",1,1,0,0,0,0,0,0,0,0,0,0,0,0,0,0
50091,570316,images/real/000000570316.jpg,"1 person, 1 refrigerator",1,1,0,0,0,0,0,0,0,0,0,0,0,0,0,0
50096,458073,images/real/000000458073.jpg,"3 chair, 3 book, 2 clock",0,0,0,0,0,1,0,0,0,0,0,0,0,0,0,1
50106,500612,images/real/000000500612.jpg,"1 person, 1 cup, 3 chair, 1 microwave, 2 sink, 1 refrigerator",1,1,0,1,0,1,0,0,0,0,0,0,0,0,1,0
50110,542824,images/real/000000542824.jpg,"1 person, 1 handbag, 3 cup, 2 knife, 2 spoon, 1 dining table, 1 cell phone",1,1,0,1,0,0,0,0,1,0,0,0,1,0,0,0
50115,116064,images/real/000000116064.jpg,"1 person, 1 backpack, 2 bottle, 2 chair, 2 couch, 1 laptop, 1 vase",1,1,1,0,0,1,1,0,0,0,1,0,0,0,0,0
50131,508656,images/real/000000508656.jpg,"1 person, 2 bowl, 2 chair, 1 couch, 1 tv, 1 book, 4 clock",1,1,0,0,1,1,1,0,0,1,0,0,0,0,0,1
50141,538064,images/real/000000538064.jpg,"4 car, 1 clock",0,0,0,0,0,0,0,0,0,0,0,0,0,0,0,0
50146,564511,images/real/000000564511.jpg,"1 person, 1 bottle, 5 wine glass, 3 cup, 1 pizza, 1 oven",1,1,1,1,0,0,0,0,0,0,0,0,0,1,0,0
50151,294346,images/real/000000294346.jpg,"1 person, 8 bottle, 1 bowl, 1 orange, 1 refrigerator",1,1,1,0,1,0,0,0,0,0,0,0,0,0,0,0
50153,260791,images/real/000000260791.jpg,"1 person, 1 handbag, 1 tie, 1 couch, 1 tv, 2 book",1,1,0,0,0,0,1,0,0,1,0,0,0,0,0,1
50157,246880,images/real/000000246880.jpg,"4 dog, 7 clock",0,0,0,0,0,0,0,0,0,0,0,0,0,0,0,0
50162,132165,images/real/000000132165.jpg,"2 dog, 1 couch",0,0,0,0,0,0,1,0,0,0,0,0,0,0,0,0
50177,483249,images/real/000000483249.jpg,"1 car, 2 cat",0,0,0,0,0,0,0,0,0,0,0,0,0,0,0,0
50180,14804,images/real/000000014804.jpg,"1 cat, 1 chair, 4 book, 1 vase",0,0,0,0,0,1,0,0,0,0,0,0,0,0,0,1
50181,549115,images/real/000000549115.jpg,"1 person, 1 cat, 1 couch, 1 laptop, 1 mouse, 2 remote",1,1,0,0,0,0,1,0,0,0,1,1,0,0,0,0
50187,499541,images/real/000000499541.jpg,"1 cat, 1 bottle, 1 tv",0,0,1,0,0,0,0,0,0,1,0,0,0,0,0,0
50196,253970,images/real/000000253970.jpg,"1 tv, 1 laptop, 1 mouse, 1 keyboard, 1 cell phone, 2 book, 1 clock",0,0,0,0,0,0,0,0,0,1,1,0,1,0,0,1
50219,207740,images/real/000000207740.jpg,"1 cat, 1 suitcase, 1 bed",0,0,0,0,0,0,0,1,0,0,0,0,0,0,0,0
50226,484734,images/real/000000484734.jpg,"1 cat, 1 oven",0,0,0,0,0,0,0,0,0,0,0,0,0,1,0,0
50246,123923,images/real/000000123923.jpg,"1 person, 1 elephant",1,1,0,0,0,0,0,0,0,0,0,0,0,0,0,0
50249,228260,images/real/000000228260.jpg,"3 keyboard, 1 clock",0,0,0,0,0,0,0,0,0,0,0,0,0,0,0,0
50251,52290,images/real/000000052290.jpg,"1 cat, 1 tv, 1 laptop",0,0,0,0,0,0,0,0,0,1,1,0,0,0,0,0
50259,286554,images/real/000000286554.jpg,2 cat,0,0,0,0,0,0,0,0,0,0,0,0,0,0,0,0
50264,266010,images/real/000000266010.jpg,"1 person, 1 scissors",1,1,0,0,0,0,0,0,0,0,0,0,0,0,0,0
50267,92207,images/real/000000092207.jpg,"1 cup, 5 laptop",0,0,0,1,0,0,0,0,0,0,1,0,0,0,0,0
50278,121875,images/real/000000121875.jpg,"1 person, 1 knife",1,1,0,0,0,0,0,0,0,0,0,0,0,0,0,0
50281,246356,images/real/000000246356.jpg,"2 cat, 2 bottle, 1 refrigerator",0,0,1,0,0,0,0,0,0,0,0,0,0,0,0,0
50288,553736,images/real/000000553736.jpg,"1 person, 4 bottle, 2 wine glass, 14 cup, 1 knife, 5 bowl, 1 oven, 1 sink, 2 book",1,1,1,1,1,0,0,0,0,0,0,0,0,1,1,1
50299,494433,images/real/000000494433.jpg,3 wine glass,0,0,0,0,0,0,0,0,0,0,0,0,0,0,0,0
50309,462750,images/real/000000462750.jpg,"1 person, 1 chair, 1 couch, 1 bed, 1 laptop",1,1,0,0,0,1,1,1,0,0,1,0,0,0,0,0
50332,287422,images/real/000000287422.jpg,"1 person, 1 bench, 1 dog",1,1,0,0,0,0,0,0,0,0,0,0,0,0,0,0
50335,571654,images/real/000000571654.jpg,"1 bottle, 2 cup, 1 apple, 1 orange, 3 tv, 1 laptop, 1 mouse, 2 keyboard, 1 vase",0,0,1,1,0,0,0,0,0,1,1,0,0,0,0,0
50352,546210,images/real/000000546210.jpg,"1 person, 2 cat, 1 couch",1,1,0,0,0,0,1,0,0,0,0,0,0,0,0,0
50355,397212,images/real/000000397212.jpg,2 cat,0,0,0,0,0,0,0,0,0,0,0,0,0,0,0,0
50358,128290,images/real/000000128290.jpg,"1 chair, 1 bed, 1 tv, 1 remote",0,0,0,0,0,1,0,1,0,1,0,1,0,0,0,0
50370,359775,images/real/000000359775.jpg,"1 person, 3 bottle, 4 bowl, 1 sink",1,1,1,0,1,0,0,0,0,0,0,0,0,0,1,0
50371,196773,images/real/000000196773.jpg,"1 person, 1 car, 1 backpack, 1 bottle, 1 cup, 2 cell phone",1,1,1,1,0,0,0,0,0,0,0,0,1,0,0,0
50373,192818,images/real/000000192818.jpg,1 motorcycle,0,0,0,0,0,0,0,0,0,0,0,0,0,0,0,0
50411,253550,images/real/000000253550.jpg,"1 person, 1 teddy bear",1,1,0,0,0,0,0,0,0,0,0,0,0,0,0,0
50422,462501,images/real/000000462501.jpg,"1 person, 2 bottle, 1 cup, 1 toilet, 1 sink, 1 clock",1,1,1,1,0,0,0,0,0,0,0,0,0,0,1,0
50423,23247,images/real/000000023247.jpg,"1 person, 4 bottle, 1 refrigerator",1,1,1,0,0,0,0,0,0,0,0,0,0,0,0,0
50460,526432,images/real/000000526432.jpg,"1 cup, 1 potted plant, 2 tv, 1 mouse, 1 keyboard, 14 book",0,0,0,1,0,0,0,0,0,1,0,0,0,0,0,1
50473,511676,images/real/000000511676.jpg,"1 person, 1 handbag, 1 chair, 1 bed, 2 book, 1 clock",1,1,0,0,0,1,0,1,0,0,0,0,0,0,0,1
50481,546228,images/real/000000546228.jpg,1 dog,0,0,0,0,0,0,0,0,0,0,0,0,0,0,0,0
50487,322105,images/real/000000322105.jpg,"1 dog, 1 couch",0,0,0,0,0,0,1,0,0,0,0,0,0,0,0,0
50490,466624,images/real/000000466624.jpg,"3 bottle, 1 cup, 1 sink, 1 toothbrush",0,0,1,1,0,0,0,0,0,0,0,0,0,0,1,0
50509,549759,images/real/000000549759.jpg,"2 tv, 1 laptop",0,0,0,0,0,0,0,0,0,1,1,0,0,0,0,0
50517,497494,images/real/000000497494.jpg,"1 person, 1 dog, 1 bottle, 1 cup, 1 spoon, 1 bowl, 1 bed, 2 remote",1,1,1,1,1,0,0,1,0,0,0,1,0,0,0,0
50542,360408,images/real/000000360408.jpg,"1 sink, 1 toothbrush",0,0,0,0,0,0,0,0,0,0,0,0,0,0,1,0
50558,453164,images/real/000000453164.jpg,1 teddy bear,0,0,0,0,0,0,0,0,0,0,0,0,0,0,0,0
50561,244633,images/real/000000244633.jpg,"2 bottle, 1 cup, 1 chair, 1 laptop",0,0,1,1,0,1,0,0,0,0,1,0,0,0,0,0
50562,80168,images/real/000000080168.jpg,"1 cat, 1 suitcase, 2 chair, 7 book",0,0,0,0,0,1,0,0,0,0,0,0,0,0,0,1
50596,109290,images/real/000000109290.jpg,"1 person, 3 chair, 1 dining table",1,1,0,0,0,1,0,0,1,0,0,0,0,0,0,0
50602,246409,images/real/000000246409.jpg,"1 bottle, 1 toaster",0,0,1,0,0,0,0,0,0,0,0,0,0,0,0,0
50603,317587,images/real/000000317587.jpg,"1 person, 1 cell phone",1,1,0,0,0,0,0,0,0,0,0,0,1,0,0,0
50610,378186,images/real/000000378186.jpg,"1 sports ball, 1 chair, 1 tv, 1 microwave",0,0,0,0,0,1,0,0,0,1,0,0,0,0,0,0
50618,488563,images/real/000000488563.jpg,"1 cat, 1 bed, 1 laptop, 1 book",0,0,0,0,0,0,0,1,0,0,1,0,0,0,0,1
50621,260097,images/real/000000260097.jpg,1 remote,0,0,0,0,0,0,0,0,0,0,0,1,0,0,0,0
50627,353206,images/real/000000353206.jpg,"1 laptop, 1 mouse",0,0,0,0,0,0,0,0,0,0,1,0,0,0,0,0
50636,276841,images/real/000000276841.jpg,"1 person, 1 donut",1,1,0,0,0,0,0,0,0,0,0,0,0,0,0,0
50640,100386,images/real/000000100386.jpg,"1 person, 1 backpack, 1 handbag, 3 bottle, 1 bowl, 2 chair, 1 laptop, 1 book, 2 vase",1,1,1,0,1,1,0,0,0,0,1,0,0,0,0,1
50653,227359,images/real/000000227359.jpg,"1 person, 1 backpack, 1 chair, 1 laptop, 1 cell phone, 1 book",1,1,0,0,0,1,0,0,0,0,1,0,1,0,0,1
50669,501242,images/real/000000501242.jpg,"1 person, 1 chair, 1 laptop, 1 mouse, 1 keyboard, 1 clock",1,1,0,0,0,1,0,0,0,0,1,0,0,0,0,0
50684,427750,images/real/000000427750.jpg,"1 person, 1 bottle, 2 oven",1,1,1,0,0,0,0,0,0,0,0,0,0,1,0,0
50689,499028,images/real/000000499028.jpg,"1 car, 2 cat",0,0,0,0,0,0,0,0,0,0,0,0,0,0,0,0
50699,191981,images/real/000000191981.jpg,"1 person, 1 skateboard",1,1,0,0,0,0,0,0,0,0,0,0,0,0,0,0
50704,417744,images/real/000000417744.jpg,"1 person, 1 bed",1,1,0,0,0,0,0,1,0,0,0,0,0,0,0,0
50711,353006,images/real/000000353006.jpg,"1 person, 1 tie, 1 tv",1,1,0,0,0,0,0,0,0,1,0,0,0,0,0,0
50718,39548,images/real/000000039548.jpg,"1 person, 6 bottle, 3 cup, 2 knife, 4 spoon, 1 bowl, 1 chair, 1 dining table, 1 oven, 1 sink, 1 refrigerator",1,1,1,1,1,1,0,0,1,0,0,0,0,1,1,0
50724,555461,images/real/000000555461.jpg,"1 person, 1 chair, 1 laptop, 1 book",1,1,0,0,0,1,0,0,0,0,1,0,0,0,0,1
50725,178229,images/real/000000178229.jpg,"1 cat, 1 couch, 2 remote",0,0,0,0,0,0,1,0,0,0,0,1,0,0,0,0
50731,237903,images/real/000000237903.jpg,"1 cat, 1 couch, 1 laptop",0,0,0,0,0,0,1,0,0,0,1,0,0,0,0,0
50760,354692,images/real/000000354692.jpg,2 bird,0,0,0,0,0,0,0,0,0,0,0,0,0,0,0,0
50764,48475,images/real/000000048475.jpg,"1 bottle, 1 laptop, 1 remote, 1 scissors",0,0,1,0,0,0,0,0,0,0,1,1,0,0,0,0
50768,346702,images/real/000000346702.jpg,"1 microwave, 1 oven, 1 refrigerator",0,0,0,0,0,0,0,0,0,0,0,0,0,1,0,0
50778,515998,images/real/000000515998.jpg,"1 dog, 1 teddy bear",0,0,0,0,0,0,0,0,0,0,0,0,0,0,0,0
50781,369642,images/real/000000369642.jpg,"1 person, 1 toothbrush",1,1,0,0,0,0,0,0,0,0,0,0,0,0,0,0
50786,548795,images/real/000000548795.jpg,"2 chair, 1 couch, 1 remote",0,0,0,0,0,1,1,0,0,0,0,1,0,0,0,0
50795,311961,images/real/000000311961.jpg,"1 dog, 1 bed",0,0,0,0,0,0,0,1,0,0,0,0,0,0,0,0
50796,213552,images/real/000000213552.jpg,"1 person, 1 cup, 1 microwave, 1 oven",1,1,0,1,0,0,0,0,0,0,0,0,0,1,0,0
50802,522195,images/real/000000522195.jpg,"1 dog, 1 toothbrush",0,0,0,0,0,0,0,0,0,0,0,0,0,0,0,0
50807,21396,images/real/000000021396.jpg,"2 cat, 1 chair",0,0,0,0,0,1,0,0,0,0,0,0,0,0,0,0
50814,320180,images/real/000000320180.jpg,"1 person, 2 couch, 1 laptop",1,1,0,0,0,0,1,0,0,0,1,0,0,0,0,0
50829,543686,images/real/000000543686.jpg,"1 cat, 1 bowl",0,0,0,0,1,0,0,0,0,0,0,0,0,0,0,0
50830,373197,images/real/000000373197.jpg,1 bird,0,0,0,0,0,0,0,0,0,0,0,0,0,0,0,0
50835,391394,images/real/000000391394.jpg,"1 person, 1 bowl, 1 oven, 1 vase",1,1,0,0,1,0,0,0,0,0,0,0,0,1,0,0
50838,479612,images/real/000000479612.jpg,"2 bottle, 1 microwave",0,0,1,0,0,0,0,0,0,0,0,0,0,0,0,0
50855,392715,images/real/000000392715.jpg,"1 dog, 1 chair, 1 couch, 1 potted plant, 1 teddy bear",0,0,0,0,0,1,1,0,0,0,0,0,0,0,0,0
50867,547985,images/real/000000547985.jpg,"1 cup, 1 laptop, 1 vase",0,0,0,1,0,0,0,0,0,0,1,0,0,0,0,0
50877,521967,images/real/000000521967.jpg,1 teddy bear,0,0,0,0,0,0,0,0,0,0,0,0,0,0,0,0
50880,90935,images/real/000000090935.jpg,1 bed,0,0,0,0,0,0,0,1,0,0,0,0,0,0,0,0
50882,438701,images/real/000000438701.jpg,"1 person, 2 fork, 1 knife, 2 bowl, 2 broccoli, 2 carrot, 1 couch, 1 teddy bear",1,1,0,0,1,0,1,0,0,0,0,0,0,0,0,0
50885,259572,images/real/000000259572.jpg,"1 cat, 1 sports ball, 1 tv, 1 keyboard, 3 book",0,0,0,0,0,0,0,0,0,1,0,0,0,0,0,1
50920,556178,images/real/000000556178.jpg,"1 person, 5 bottle, 1 potted plant, 1 dining table, 1 microwave, 1 oven, 1 refrigerator",1,1,1,0,0,0,0,0,1,0,0,0,0,1,0,0
50922,315156,images/real/000000315156.jpg,"1 cat, 1 backpack",0,0,0,0,0,0,0,0,0,0,0,0,0,0,0,0
50934,354424,images/real/000000354424.jpg,"1 cat, 1 bed",0,0,0,0,0,0,0,1,0,0,0,0,0,0,0,0
50939,176300,images/real/000000176300.jpg,"1 person, 1 knife, 6 apple, 1 chair, 1 dining table",1,1,0,0,0,1,0,0,1,0,0,0,0,0,0,0
50944,92173,images/real/000000092173.jpg,"1 cat, 1 handbag, 1 cup, 1 chair, 1 laptop",0,0,0,1,0,1,0,0,0,0,1,0,0,0,0,0
50958,57979,images/real/000000057979.jpg,"1 parking meter, 1 potted plant, 1 vase",0,0,0,0,0,0,0,0,0,0,0,0,0,0,0,0
50965,410583,images/real/000000410583.jpg,"1 person, 1 toothbrush",1,1,0,0,0,0,0,0,0,0,0,0,0,0,0,0
50967,66028,images/real/000000066028.jpg,"1 person, 1 knife, 1 scissors",1,1,0,0,0,0,0,0,0,0,0,0,0,0,0,0
50971,453601,images/real/000000453601.jpg,"1 potted plant, 1 microwave, 1 refrigerator",0,0,0,0,0,0,0,0,0,0,0,0,0,0,0,0
50977,71371,images/real/000000071371.jpg,"2 cup, 2 tv, 1 laptop, 1 scissors",0,0,0,1,0,0,0,0,0,1,1,0,0,0,0,0
50991,271875,images/real/000000271875.jpg,"1 cat, 1 tv, 2 book",0,0,0,0,0,0,0,0,0,1,0,0,0,0,0,1
50994,227568,images/real/000000227568.jpg,1 cell phone,0,0,0,0,0,0,0,0,0,0,0,0,1,0,0,0
50998,131075,images/real/000000131075.jpg,"1 chair, 2 tv, 2 laptop",0,0,0,0,0,1,0,0,0,1,1,0,0,0,0,0
51001,361282,images/real/000000361282.jpg,"1 bottle, 2 cup, 1 clock, 2 toothbrush",0,0,1,1,0,0,0,0,0,0,0,0,0,0,0,0
51004,284373,images/real/000000284373.jpg,"1 cat, 1 bed",0,0,0,0,0,0,0,1,0,0,0,0,0,0,0,0
51010,39589,images/real/000000039589.jpg,"1 cat, 2 donut, 3 book",0,0,0,0,0,0,0,0,0,0,0,0,0,0,0,1
51011,259434,images/real/000000259434.jpg,"1 person, 3 bottle, 7 knife, 2 cake, 1 chair, 1 toaster, 1 sink",1,1,1,0,0,1,0,0,0,0,0,0,0,0,1,0
51016,279320,images/real/000000279320.jpg,2 toothbrush,0,0,0,0,0,0,0,0,0,0,0,0,0,0,0,0
51017,466664,images/real/000000466664.jpg,"1 backpack, 2 handbag, 5 bottle, 1 dining table, 2 remote, 2 cell phone, 3 book, 1 clock, 1 scissors, 1 toothbrush",0,0,1,0,0,0,0,0,1,0,0,1,1,0,0,1
51020,270609,images/real/000000270609.jpg,"1 person, 1 cup, 5 orange, 1 chair, 1 dining table",1,1,0,1,0,1,0,0,1,0,0,0,0,0,0,0
51024,378416,images/real/000000378416.jpg,"1 bowl, 1 chair, 2 dining table",0,0,0,0,1,1,0,0,1,0,0,0,0,0,0,0
51038,55389,images/real/000000055389.jpg,"1 person, 1 teddy bear",1,1,0,0,0,0,0,0,0,0,0,0,0,0,0,0
51039,350075,images/real/000000350075.jpg,"2 cat, 1 bowl",0,0,0,0,1,0,0,0,0,0,0,0,0,0,0,0
51042,164534,images/real/000000164534.jpg,"1 person, 2 bottle, 1 spoon, 2 bowl, 1 microwave, 1 oven",1,1,1,0,1,0,0,0,0,0,0,0,0,1,0,0
51051,2902,images/real/000000002902.jpg,"1 banana, 1 apple, 1 orange",0,0,0,0,0,0,0,0,0,0,0,0,0,0,0,0
51056,251752,images/real/000000251752.jpg,"1 person, 1 dog, 1 bowl, 1 orange, 1 dining table",1,1,0,0,1,0,0,0,1,0,0,0,0,0,0,0
51064,487333,images/real/000000487333.jpg,"1 cat, 2 bottle, 1 banana, 1 couch",0,0,1,0,0,0,1,0,0,0,0,0,0,0,0,0
51068,507783,images/real/000000507783.jpg,9 suitcase,0,0,0,0,0,0,0,0,0,0,0,0,0,0,0,0
51079,159453,images/real/000000159453.jpg,"1 cat, 1 couch, 1 laptop, 1 book",0,0,0,0,0,0,1,0,0,0,1,0,0,0,0,1
51081,498665,images/real/000000498665.jpg,"1 laptop, 1 remote",0,0,0,0,0,0,0,0,0,0,1,1,0,0,0,0
51097,542591,images/real/000000542591.jpg,"1 person, 2 bottle, 1 pizza, 1 dining table, 1 cell phone",1,1,1,0,0,0,0,0,1,0,0,0,1,0,0,0
51117,511358,images/real/000000511358.jpg,4 toothbrush,0,0,0,0,0,0,0,0,0,0,0,0,0,0,0,0
51134,386715,images/real/000000386715.jpg,"1 dog, 1 chair, 1 couch",0,0,0,0,0,1,1,0,0,0,0,0,0,0,0,0
51141,464462,images/real/000000464462.jpg,"1 person, 1 cup, 2 couch, 1 dining table, 2 laptop",1,1,0,1,0,0,1,0,1,0,1,0,0,0,0,0
51147,150669,images/real/000000150669.jpg,1 clock,0,0,0,0,0,0,0,0,0,0,0,0,0,0,0,0
51154,103331,images/real/000000103331.jpg,"1 dog, 2 couch",0,0,0,0,0,0,1,0,0,0,0,0,0,0,0,0
51159,581873,images/real/000000581873.jpg,1 dog,0,0,0,0,0,0,0,0,0,0,0,0,0,0,0,0
51167,85814,images/real/000000085814.jpg,"1 person, 1 couch, 2 remote",1,1,0,0,0,0,1,0,0,0,0,1,0,0,0,0
51170,402364,images/real/000000402364.jpg,"1 tv, 1 mouse, 1 keyboard",0,0,0,0,0,0,0,0,0,1,0,0,0,0,0,0
51171,250164,images/real/000000250164.jpg,"12 chair, 1 couch, 1 bed",0,0,0,0,0,1,1,1,0,0,0,0,0,0,0,0
51172,103584,images/real/000000103584.jpg,"1 dog, 1 bed",0,0,0,0,0,0,0,1,0,0,0,0,0,0,0,0
51177,50219,images/real/000000050219.jpg,1 clock,0,0,0,0,0,0,0,0,0,0,0,0,0,0,0,0
51208,158876,images/real/000000158876.jpg,"1 person, 1 bottle, 5 banana, 1 oven",1,1,1,0,0,0,0,0,0,0,0,0,0,1,0,0
51209,492810,images/real/000000492810.jpg,"2 cat, 1 bowl, 1 banana, 1 refrigerator, 1 vase",0,0,0,0,1,0,0,0,0,0,0,0,0,0,0,0
51213,562655,images/real/000000562655.jpg,"1 person, 1 toothbrush",1,1,0,0,0,0,0,0,0,0,0,0,0,0,0,0
51215,447678,images/real/000000447678.jpg,"1 person, 1 bowl, 1 chair, 1 couch, 1 tv, 3 remote, 1 microwave, 6 book, 1 clock",1,1,0,0,1,1,1,0,0,1,0,1,0,0,0,1
51217,532625,images/real/000000532625.jpg,"1 person, 1 chair, 1 dining table, 1 toothbrush",1,1,0,0,0,1,0,0,1,0,0,0,0,0,0,0
51218,43425,images/real/000000043425.jpg,1 dog,0,0,0,0,0,0,0,0,0,0,0,0,0,0,0,0
51224,63143,images/real/000000063143.jpg,"1 bottle, 1 tv, 2 mouse, 1 keyboard",0,0,1,0,0,0,0,0,0,1,0,0,0,0,0,0
51226,149204,images/real/000000149204.jpg,"1 person, 1 backpack, 1 tie, 1 couch, 1 tv, 1 laptop, 14 book",1,1,0,0,0,0,1,0,0,1,1,0,0,0,0,1
51232,299067,images/real/000000299067.jpg,"1 chair, 1 couch, 1 potted plant, 1 dining table, 1 tv, 1 vase",0,0,0,0,0,1,1,0,1,1,0,0,0,0,0,0
51234,478636,images/real/000000478636.jpg,"1 person, 1 car, 2 truck, 2 horse",1,1,0,0,0,0,0,0,0,0,0,0,0,0,0,0
51240,354493,images/real/000000354493.jpg,1 cat,0,0,0,0,0,0,0,0,0,0,0,0,0,0,0,0
51242,463201,images/real/000000463201.jpg,"1 person, 1 toilet, 2 sink, 1 hair drier",1,1,0,0,0,0,0,0,0,0,0,0,0,0,1,0
51250,323164,images/real/000000323164.jpg,"1 cat, 1 teddy bear",0,0,0,0,0,0,0,0,0,0,0,0,0,0,0,0
51257,50882,images/real/000000050882.jpg,"1 person, 1 tv, 1 remote",1,1,0,0,0,0,0,0,0,1,0,1,0,0,0,0
51259,74885,images/real/000000074885.jpg,"1 person, 1 laptop",1,1,0,0,0,0,0,0,0,0,1,0,0,0,0,0
51266,538380,images/real/000000538380.jpg,"1 person, 1 toothbrush",1,1,0,0,0,0,0,0,0,0,0,0,0,0,0,0
51268,128392,images/real/000000128392.jpg,"1 person, 1 toilet, 1 sink",1,1,0,0,0,0,0,0,0,0,0,0,0,0,1,0
51271,520524,images/real/000000520524.jpg,"1 bicycle, 1 car, 1 motorcycle",0,0,0,0,0,0,0,0,0,0,0,0,0,0,0,0
51275,410272,images/real/000000410272.jpg,"1 person, 1 knife, 1 bowl, 3 broccoli, 5 carrot, 1 sink",1,1,0,0,1,0,0,0,0,0,0,0,0,0,1,0
51286,294761,images/real/000000294761.jpg,"1 remote, 7 book, 1 clock",0,0,0,0,0,0,0,0,0,0,0,1,0,0,0,1
51303,429754,images/real/000000429754.jpg,"1 dining table, 2 scissors",0,0,0,0,0,0,0,0,1,0,0,0,0,0,0,0
51304,45197,images/real/000000045197.jpg,"1 cat, 1 bed, 1 laptop",0,0,0,0,0,0,0,1,0,0,1,0,0,0,0,0
51309,451120,images/real/000000451120.jpg,"1 person, 1 bowl, 1 chair",1,1,0,0,1,1,0,0,0,0,0,0,0,0,0,0
51320,292596,images/real/000000292596.jpg,"1 person, 1 knife, 1 pizza, 1 oven",1,1,0,0,0,0,0,0,0,0,0,0,0,1,0,0
51332,91310,images/real/000000091310.jpg,"1 person, 2 knife, 1 bowl, 2 potted plant, 1 microwave",1,1,0,0,1,0,0,0,0,0,0,0,0,0,0,0
51349,378039,images/real/000000378039.jpg,1 cat,0,0,0,0,0,0,0,0,0,0,0,0,0,0,0,0
51353,503826,images/real/000000503826.jpg,"1 tv, 1 laptop, 2 mouse, 1 keyboard",0,0,0,0,0,0,0,0,0,1,1,0,0,0,0,0
51365,163813,images/real/000000163813.jpg,"1 dog, 1 bed",0,0,0,0,0,0,0,1,0,0,0,0,0,0,0,0
51368,174890,images/real/000000174890.jpg,1 traffic light,0,0,0,0,0,0,0,0,0,0,0,0,0,0,0,0
51379,48711,images/real/000000048711.jpg,"1 person, 1 potted plant, 1 tv, 1 remote, 1 clock, 2 vase",1,1,0,0,0,0,0,0,0,1,0,1,0,0,0,0
51380,111322,images/real/000000111322.jpg,"1 cat, 1 chair, 1 mouse",0,0,0,0,0,1,0,0,0,0,0,0,0,0,0,0
51386,168832,images/real/000000168832.jpg,"6 chair, 1 couch, 3 potted plant, 1 dining table, 1 microwave, 1 oven, 1 sink, 7 book",0,0,0,0,0,1,1,0,1,0,0,0,0,1,1,1
51388,371773,images/real/000000371773.jpg,"1 cat, 1 sink",0,0,0,0,0,0,0,0,0,0,0,0,0,0,1,0
51389,238602,images/real/000000238602.jpg,1 cat,0,0,0,0,0,0,0,0,0,0,0,0,0,0,0,0
51393,60792,images/real/000000060792.jpg,"1 cat, 1 tv, 1 keyboard",0,0,0,0,0,0,0,0,0,1,0,0,0,0,0,0
51398,501594,images/real/000000501594.jpg,"1 person, 1 tie",1,1,0,0,0,0,0,0,0,0,0,0,0,0,0,0
51407,383828,images/real/000000383828.jpg,"1 person, 1 tv",1,1,0,0,0,0,0,0,0,1,0,0,0,0,0,0
51413,121849,images/real/000000121849.jpg,"1 person, 1 toilet",1,1,0,0,0,0,0,0,0,0,0,0,0,0,0,0
51424,460482,images/real/000000460482.jpg,"1 cat, 1 tv, 1 laptop, 2 cell phone",0,0,0,0,0,0,0,0,0,1,1,0,1,0,0,0
51426,483794,images/real/000000483794.jpg,"1 cup, 3 dining table, 1 laptop, 1 teddy bear",0,0,0,1,0,0,0,0,1,0,1,0,0,0,0,0
51434,391481,images/real/000000391481.jpg,"1 sports ball, 6 book, 10 teddy bear",0,0,0,0,0,0,0,0,0,0,0,0,0,0,0,1
51453,92559,images/real/000000092559.jpg,"1 person, 1 cup, 7 knife, 1 spoon, 2 bowl",1,1,0,1,1,0,0,0,0,0,0,0,0,0,0,0
51457,540872,images/real/000000540872.jpg,"2 bottle, 14 wine glass, 1 chair, 2 couch, 14 book",0,0,1,0,0,1,1,0,0,0,0,0,0,0,0,1
51462,430343,images/real/000000430343.jpg,1 motorcycle,0,0,0,0,0,0,0,0,0,0,0,0,0,0,0,0
51464,179322,images/real/000000179322.jpg,"1 person, 4 cup, 1 bowl, 1 microwave",1,1,0,1,1,0,0,0,0,0,0,0,0,0,0,0
51466,555811,images/real/000000555811.jpg,1 cat,0,0,0,0,0,0,0,0,0,0,0,0,0,0,0,0
51471,380128,images/real/000000380128.jpg,"1 chair, 1 couch, 1 dining table, 1 laptop, 1 mouse, 1 keyboard",0,0,0,0,0,1,1,0,1,0,1,0,0,0,0,0
51472,491191,images/real/000000491191.jpg,"1 person, 1 handbag, 4 chair, 2 couch, 3 potted plant, 1 tv, 2 remote, 1 book",1,1,0,0,0,1,1,0,0,1,0,1,0,0,0,1
51489,145668,images/real/000000145668.jpg,"1 cat, 1 chair, 1 book",0,0,0,0,0,1,0,0,0,0,0,0,0,0,0,1
51493,58443,images/real/000000058443.jpg,"1 dog, 1 chair",0,0,0,0,0,1,0,0,0,0,0,0,0,0,0,0
51497,44950,images/real/000000044950.jpg,"1 person, 1 cat, 1 bottle, 1 chair, 1 potted plant, 1 bed, 1 book, 2 vase",1,1,1,0,0,1,0,1,0,0,0,0,0,0,0,1
51498,236031,images/real/000000236031.jpg,"2 cat, 1 dog, 1 book",0,0,0,0,0,0,0,0,0,0,0,0,0,0,0,1
51500,181443,images/real/000000181443.jpg,"2 bicycle, 2 chair, 1 tv, 1 keyboard, 3 book",0,0,0,0,0,1,0,0,0,1,0,0,0,0,0,1
51507,544719,images/real/000000544719.jpg,"6 handbag, 14 suitcase",0,0,0,0,0,0,0,0,0,0,0,0,0,0,0,0
51515,41753,images/real/000000041753.jpg,"1 person, 1 cup, 2 chair, 1 tv, 2 mouse, 1 remote, 1 keyboard, 1 teddy bear",1,1,0,1,0,1,0,0,0,1,0,1,0,0,0,0
51520,562136,images/real/000000562136.jpg,"1 person, 1 pizza, 1 donut",1,1,0,0,0,0,0,0,0,0,0,0,0,0,0,0
51538,289388,images/real/000000289388.jpg,"1 person, 1 toilet",1,1,0,0,0,0,0,0,0,0,0,0,0,0,0,0
51542,404063,images/real/000000404063.jpg,"1 bed, 1 teddy bear",0,0,0,0,0,0,0,1,0,0,0,0,0,0,0,0
51547,144560,images/real/000000144560.jpg,"1 cat, 3 bottle, 1 sink",0,0,1,0,0,0,0,0,0,0,0,0,0,0,1,0
51556,410380,images/real/000000410380.jpg,"1 person, 2 bottle, 1 wine glass, 1 knife, 1 bowl, 4 carrot",1,1,1,0,1,0,0,0,0,0,0,0,0,0,0,0
51559,133629,images/real/000000133629.jpg,"1 chair, 1 laptop, 1 book",0,0,0,0,0,1,0,0,0,0,1,0,0,0,0,1
51569,472617,images/real/000000472617.jpg,"3 bottle, 10 chair, 1 dining table, 11 book, 1 clock",0,0,1,0,0,1,0,0,1,0,0,0,0,0,0,1
51584,578632,images/real/000000578632.jpg,"1 car, 1 cat",0,0,0,0,0,0,0,0,0,0,0,0,0,0,0,0
51586,2244,images/real/000000002244.jpg,14 laptop,0,0,0,0,0,0,0,0,0,0,1,0,0,0,0,0
51624,260486,images/real/000000260486.jpg,"1 cup, 1 bowl, 1 tv, 1 mouse, 1 keyboard",0,0,0,1,1,0,0,0,0,1,0,0,0,0,0,0
51638,123851,images/real/000000123851.jpg,"1 person, 10 chair, 1 dining table, 1 cell phone",1,1,0,0,0,1,0,0,1,0,0,0,1,0,0,0
51644,229740,images/real/000000229740.jpg,"1 cat, 1 handbag, 2 bottle, 2 bowl, 1 sink",0,0,1,0,1,0,0,0,0,0,0,0,0,0,1,0
51652,329895,images/real/000000329895.jpg,4 banana,0,0,0,0,0,0,0,0,0,0,0,0,0,0,0,0
51659,280760,images/real/000000280760.jpg,"1 person, 1 chair, 1 bed",1,1,0,0,0,1,0,1,0,0,0,0,0,0,0,0
51668,419273,images/real/000000419273.jpg,"1 cat, 1 teddy bear",0,0,0,0,0,0,0,0,0,0,0,0,0,0,0,0
51678,572565,images/real/000000572565.jpg,"2 cup, 1 dining table, 1 vase",0,0,0,1,0,0,0,0,1,0,0,0,0,0,0,0
51682,446626,images/real/000000446626.jpg,"1 cat, 1 couch",0,0,0,0,0,0,1,0,0,0,0,0,0,0,0,0
51684,580971,images/real/000000580971.jpg,"1 person, 1 boat, 1 tv",1,1,0,0,0,0,0,0,0,1,0,0,0,0,0,0
51685,239158,images/real/000000239158.jpg,"1 dog, 1 suitcase",0,0,0,0,0,0,0,0,0,0,0,0,0,0,0,0
51703,206890,images/real/000000206890.jpg,"1 person, 1 skateboard, 1 bowl, 2 chair, 1 dining table, 1 book",1,1,0,0,1,1,0,0,1,0,0,0,0,0,0,1
51711,334240,images/real/000000334240.jpg,"1 person, 1 chair, 1 tv, 3 remote",1,1,0,0,0,1,0,0,0,1,0,1,0,0,0,0
51716,518324,images/real/000000518324.jpg,"1 cat, 2 bottle, 1 cup, 1 chair, 1 couch, 1 potted plant, 1 laptop, 1 mouse, 1 remote, 1 cell phone, 1 book, 1 scissors",0,0,1,1,0,1,1,0,0,0,1,1,1,0,0,1
51727,106490,images/real/000000106490.jpg,"2 bed, 1 book, 1 teddy bear",0,0,0,0,0,0,0,1,0,0,0,0,0,0,0,1
51729,439071,images/real/000000439071.jpg,"1 person, 1 refrigerator",1,1,0,0,0,0,0,0,0,0,0,0,0,0,0,0
51731,182516,images/real/000000182516.jpg,"1 person, 1 bed, 1 laptop",1,1,0,0,0,0,0,1,0,0,1,0,0,0,0,0
51737,167827,images/real/000000167827.jpg,"1 person, 1 toothbrush",1,1,0,0,0,0,0,0,0,0,0,0,0,0,0,0
51757,391568,images/real/000000391568.jpg,"1 person, 1 chair, 1 potted plant, 1 remote",1,1,0,0,0,1,0,0,0,0,0,1,0,0,0,0
51758,257339,images/real/000000257339.jpg,"1 person, 1 cup, 1 donut, 1 cake, 2 couch, 1 teddy bear",1,1,0,1,0,0,1,0,0,0,0,0,0,0,0,0
51766,411653,images/real/000000411653.jpg,"1 person, 1 chair, 1 couch, 2 book, 6 teddy bear",1,1,0,0,0,1,1,0,0,0,0,0,0,0,0,1
51768,474119,images/real/000000474119.jpg,"1 person, 1 cup, 1 toilet",1,1,0,1,0,0,0,0,0,0,0,0,0,0,0,0
51770,379165,images/real/000000379165.jpg,"1 cat, 1 mouse",0,0,0,0,0,0,0,0,0,0,0,0,0,0,0,0
51771,83508,images/real/000000083508.jpg,"1 person, 1 spoon, 1 bowl, 1 pizza, 2 chair, 1 dining table",1,1,0,0,1,1,0,0,1,0,0,0,0,0,0,0
51775,255691,images/real/000000255691.jpg,"1 person, 1 handbag, 1 chair, 3 couch, 1 tv, 1 laptop, 2 book",1,1,0,0,0,1,1,0,0,1,1,0,0,0,0,1
51777,474622,images/real/000000474622.jpg,1 stop sign,0,0,0,0,0,0,0,0,0,0,0,0,0,0,0,0
51789,422918,images/real/000000422918.jpg,"1 person, 1 bottle, 1 couch, 1 laptop",1,1,1,0,0,0,1,0,0,0,1,0,0,0,0,0
51794,224833,images/real/000000224833.jpg,1 cat,0,0,0,0,0,0,0,0,0,0,0,0,0,0,0,0
51802,490624,images/real/000000490624.jpg,"1 bicycle, 1 tv, 1 cell phone",0,0,0,0,0,0,0,0,0,1,0,0,1,0,0,0
51806,57777,images/real/000000057777.jpg,"3 cat, 1 bowl",0,0,0,0,1,0,0,0,0,0,0,0,0,0,0,0
51813,31537,images/real/000000031537.jpg,"1 person, 1 knife, 2 bowl, 1 banana, 1 chair, 1 oven, 2 book",1,1,0,0,1,1,0,0,0,0,0,0,0,1,0,1
51816,550063,images/real/000000550063.jpg,"1 dog, 1 couch",0,0,0,0,0,0,1,0,0,0,0,0,0,0,0,0
51820,500984,images/real/000000500984.jpg,"1 mouse, 1 keyboard, 1 book",0,0,0,0,0,0,0,0,0,0,0,0,0,0,0,1
51828,443405,images/real/000000443405.jpg,"1 person, 1 bottle, 1 bowl, 1 pizza",1,1,1,0,1,0,0,0,0,0,0,0,0,0,0,0
51857,347300,images/real/000000347300.jpg,"1 person, 1 bottle, 2 cup, 4 chair, 1 couch, 1 dining table, 1 tv, 1 laptop, 2 remote, 1 cell phone, 1 microwave, 1 refrigerator",1,1,1,1,0,1,1,0,1,1,1,1,1,0,0,0
51860,336762,images/real/000000336762.jpg,"1 cup, 1 sandwich, 1 laptop",0,0,0,1,0,0,0,0,0,0,1,0,0,0,0,0
51862,342650,images/real/000000342650.jpg,"1 person, 1 bottle, 1 knife, 2 bowl, 1 pizza, 2 sink",1,1,1,0,1,0,0,0,0,0,0,0,0,0,1,0
51871,60706,images/real/000000060706.jpg,"1 dining table, 2 laptop, 2 mouse, 2 keyboard",0,0,0,0,0,0,0,0,1,0,1,0,0,0,0,0
51873,121446,images/real/000000121446.jpg,"1 cat, 1 laptop, 1 remote, 1 book",0,0,0,0,0,0,0,0,0,0,1,1,0,0,0,1
51874,151563,images/real/000000151563.jpg,"1 person, 1 knife, 1 spoon, 1 bowl, 1 pizza, 1 clock",1,1,0,0,1,0,0,0,0,0,0,0,0,0,0,0
51895,304950,images/real/000000304950.jpg,"1 backpack, 2 handbag, 1 laptop, 1 mouse, 1 keyboard, 1 cell phone, 1 book",0,0,0,0,0,0,0,0,0,0,1,0,1,0,0,1
51908,354290,images/real/000000354290.jpg,"1 person, 2 bottle, 1 cup, 2 knife, 4 spoon, 1 bowl, 1 laptop, 1 keyboard, 1 sink",1,1,1,1,1,0,0,0,0,0,1,0,0,0,1,0
51910,255849,images/real/000000255849.jpg,"1 person, 2 knife, 1 pizza, 1 microwave, 1 oven, 1 sink",1,1,0,0,0,0,0,0,0,0,0,0,0,1,1,0
51915,57739,images/real/000000057739.jpg,3 scissors,0,0,0,0,0,0,0,0,0,0,0,0,0,0,0,0
51922,480739,images/real/000000480739.jpg,7 toilet,0,0,0,0,0,0,0,0,0,0,0,0,0,0,0,0
51940,463989,images/real/000000463989.jpg,"1 person, 1 bottle, 1 couch, 2 remote",1,1,1,0,0,0,1,0,0,0,0,1,0,0,0,0
51944,43893,images/real/000000043893.jpg,"1 person, 1 chair, 1 bed, 1 tv, 1 remote",1,1,0,0,0,1,0,1,0,1,0,1,0,0,0,0
51947,199047,images/real/000000199047.jpg,"1 tv, 1 cell phone, 2 teddy bear",0,0,0,0,0,0,0,0,0,1,0,0,1,0,0,0
51954,143847,images/real/000000143847.jpg,"1 dog, 1 bed",0,0,0,0,0,0,0,1,0,0,0,0,0,0,0,0
51958,320788,images/real/000000320788.jpg,3 suitcase,0,0,0,0,0,0,0,0,0,0,0,0,0,0,0,0
51967,26768,images/real/000000026768.jpg,"2 cat, 2 bottle, 1 chair, 1 bed, 1 laptop, 1 keyboard, 6 book",0,0,1,0,0,1,0,1,0,0,1,0,0,0,0,1
51969,150641,images/real/000000150641.jpg,1 train,0,0,0,0,0,0,0,0,0,0,0,0,0,0,0,0
51982,418938,images/real/000000418938.jpg,"1 toilet, 1 sink",0,0,0,0,0,0,0,0,0,0,0,0,0,0,1,0
51987,19131,images/real/000000019131.jpg,"1 cat, 1 handbag, 1 suitcase, 1 chair, 1 microwave",0,0,0,0,0,1,0,0,0,0,0,0,0,0,0,0
51990,15073,images/real/000000015073.jpg,3 clock,0,0,0,0,0,0,0,0,0,0,0,0,0,0,0,0
51997,256835,images/real/000000256835.jpg,"1 bench, 1 refrigerator",0,0,0,0,0,0,0,0,0,0,0,0,0,0,0,0
52001,365512,images/real/000000365512.jpg,"1 cup, 1 chair, 1 laptop, 1 mouse, 1 keyboard, 1 cell phone, 1 book",0,0,0,1,0,1,0,0,0,0,1,0,1,0,0,1
52005,572352,images/real/000000572352.jpg,"1 person, 2 backpack, 3 handbag, 1 bottle, 2 cup, 2 chair, 1 tv, 1 laptop, 1 oven",1,1,1,1,0,1,0,0,0,1,1,0,0,1,0,0
52008,909,images/real/000000000909.jpg,"1 bottle, 1 cup, 2 tv, 1 keyboard",0,0,1,1,0,0,0,0,0,1,0,0,0,0,0,0
52009,494671,images/real/000000494671.jpg,"1 person, 1 bed",1,1,0,0,0,0,0,1,0,0,0,0,0,0,0,0
52017,252679,images/real/000000252679.jpg,"1 cat, 1 cup, 1 chair, 2 tv, 1 laptop, 2 mouse, 1 keyboard, 3 book",0,0,0,1,0,1,0,0,0,1,1,0,0,0,0,1
52021,13158,images/real/000000013158.jpg,1 cat,0,0,0,0,0,0,0,0,0,0,0,0,0,0,0,0
52028,187432,images/real/000000187432.jpg,"1 cat, 2 dog, 1 bed",0,0,0,0,0,0,0,1,0,0,0,0,0,0,0,0
52039,356749,images/real/000000356749.jpg,"1 person, 1 bed, 1 teddy bear",1,1,0,0,0,0,0,1,0,0,0,0,0,0,0,0
52043,23709,images/real/000000023709.jpg,"1 person, 1 tennis racket",1,1,0,0,0,0,0,0,0,0,0,0,0,0,0,0
52046,143269,images/real/000000143269.jpg,"1 person, 1 toilet, 1 sink",1,1,0,0,0,0,0,0,0,0,0,0,0,0,1,0
52057,146988,images/real/000000146988.jpg,"1 person, 4 bottle, 1 cup, 1 dining table, 1 tv, 3 remote",1,1,1,1,0,0,0,0,1,1,0,1,0,0,0,0
52059,224049,images/real/000000224049.jpg,"1 person, 1 cat, 1 dog, 1 cup, 3 couch",1,1,0,1,0,0,1,0,0,0,0,0,0,0,0,0
52068,338971,images/real/000000338971.jpg,"1 person, 4 microwave, 8 oven",1,1,0,0,0,0,0,0,0,0,0,0,0,1,0,0
52069,565042,images/real/000000565042.jpg,"1 dog, 1 tv, 1 laptop",0,0,0,0,0,0,0,0,0,1,1,0,0,0,0,0
52077,384587,images/real/000000384587.jpg,1 clock,0,0,0,0,0,0,0,0,0,0,0,0,0,0,0,0
52081,447974,images/real/000000447974.jpg,2 traffic light,0,0,0,0,0,0,0,0,0,0,0,0,0,0,0,0
52096,313914,images/real/000000313914.jpg,"1 person, 1 bed, 1 remote, 1 cell phone",1,1,0,0,0,0,0,1,0,0,0,1,1,0,0,0
52098,160913,images/real/000000160913.jpg,"1 person, 1 donut, 1 couch",1,1,0,0,0,0,1,0,0,0,0,0,0,0,0,0
52102,214191,images/real/000000214191.jpg,"1 person, 1 toilet, 1 sink",1,1,0,0,0,0,0,0,0,0,0,0,0,0,1,0
52106,26378,images/real/000000026378.jpg,"1 person, 1 spoon, 2 bowl, 2 pizza, 1 oven",1,1,0,0,1,0,0,0,0,0,0,0,0,1,0,0
52110,78342,images/real/000000078342.jpg,"1 cat, 1 mouse, 1 keyboard",0,0,0,0,0,0,0,0,0,0,0,0,0,0,0,0
52119,450247,images/real/000000450247.jpg,"1 cat, 1 umbrella, 1 suitcase",0,0,0,0,0,0,0,0,0,0,0,0,0,0,0,0
52131,15474,images/real/000000015474.jpg,"1 cat, 1 oven",0,0,0,0,0,0,0,0,0,0,0,0,0,1,0,0
52139,554737,images/real/000000554737.jpg,"1 cat, 1 laptop",0,0,0,0,0,0,0,0,0,0,1,0,0,0,0,0
52157,218011,images/real/000000218011.jpg,1 suitcase,0,0,0,0,0,0,0,0,0,0,0,0,0,0,0,0
52158,194420,images/real/000000194420.jpg,"1 dog, 1 couch, 1 tv",0,0,0,0,0,0,1,0,0,1,0,0,0,0,0,0
52163,541029,images/real/000000541029.jpg,"1 bottle, 2 chair, 1 dining table, 1 laptop",0,0,1,0,0,1,0,0,1,0,1,0,0,0,0,0
52174,175310,images/real/000000175310.jpg,"2 cup, 1 sink, 1 toothbrush",0,0,0,1,0,0,0,0,0,0,0,0,0,0,1,0
52181,22928,images/real/000000022928.jpg,"2 dog, 1 tv",0,0,0,0,0,0,0,0,0,1,0,0,0,0,0,0
52191,448876,images/real/000000448876.jpg,8 donut,0,0,0,0,0,0,0,0,0,0,0,0,0,0,0,0
52193,486361,images/real/000000486361.jpg,"1 cat, 1 potted plant, 1 tv",0,0,0,0,0,0,0,0,0,1,0,0,0,0,0,0
52198,53121,images/real/000000053121.jpg,"1 person, 1 bed",1,1,0,0,0,0,0,1,0,0,0,0,0,0,0,0
52202,185700,images/real/000000185700.jpg,"1 person, 1 scissors",1,1,0,0,0,0,0,0,0,0,0,0,0,0,0,0
52207,314556,images/real/000000314556.jpg,"2 toilet, 2 sink",0,0,0,0,0,0,0,0,0,0,0,0,0,0,1,0
52218,127620,images/real/000000127620.jpg,"1 person, 2 umbrella, 2 couch, 1 tv",1,1,0,0,0,0,1,0,0,1,0,0,0,0,0,0
52231,28006,images/real/000000028006.jpg,"1 cat, 2 couch, 1 book",0,0,0,0,0,0,1,0,0,0,0,0,0,0,0,1
52240,30725,images/real/000000030725.jpg,6 horse,0,0,0,0,0,0,0,0,0,0,0,0,0,0,0,0
52249,164391,images/real/000000164391.jpg,"1 person, 1 horse",1,1,0,0,0,0,0,0,0,0,0,0,0,0,0,0
52261,118199,images/real/000000118199.jpg,"2 cup, 1 tv, 1 mouse, 1 keyboard, 3 book, 2 scissors",0,0,0,1,0,0,0,0,0,1,0,0,0,0,0,1
52266,124057,images/real/000000124057.jpg,"4 wine glass, 1 dining table",0,0,0,0,0,0,0,0,1,0,0,0,0,0,0,0
52268,543566,images/real/000000543566.jpg,"1 cat, 1 bed",0,0,0,0,0,0,0,1,0,0,0,0,0,0,0,0
52269,270243,images/real/000000270243.jpg,"1 tv, 1 laptop, 1 mouse, 1 keyboard",0,0,0,0,0,0,0,0,0,1,1,0,0,0,0,0
52274,138461,images/real/000000138461.jpg,"1 chair, 1 dining table, 1 cell phone",0,0,0,0,0,1,0,0,1,0,0,0,1,0,0,0
52276,178504,images/real/000000178504.jpg,"1 person, 1 bed",1,1,0,0,0,0,0,1,0,0,0,0,0,0,0,0
52280,457924,images/real/000000457924.jpg,3 scissors,0,0,0,0,0,0,0,0,0,0,0,0,0,0,0,0
52288,237017,images/real/000000237017.jpg,"1 person, 1 bowl, 1 toilet",1,1,0,0,1,0,0,0,0,0,0,0,0,0,0,0
52308,265382,images/real/000000265382.jpg,"1 person, 1 cell phone",1,1,0,0,0,0,0,0,0,0,0,0,1,0,0,0
52333,253785,images/real/000000253785.jpg,"1 dog, 1 cup, 1 chair",0,0,0,1,0,1,0,0,0,0,0,0,0,0,0,0
52337,259391,images/real/000000259391.jpg,"3 couch, 1 tv, 2 vase",0,0,0,0,0,0,1,0,0,1,0,0,0,0,0,0
52341,459136,images/real/000000459136.jpg,1 bench,0,0,0,0,0,0,0,0,0,0,0,0,0,0,0,0
52344,176321,images/real/000000176321.jpg,"1 person, 1 bottle, 1 cup, 2 knife, 1 microwave, 1 sink, 1 scissors",1,1,1,1,0,0,0,0,0,0,0,0,0,0,1,0
52357,539920,images/real/000000539920.jpg,"1 person, 1 bowl, 9 donut, 2 cake, 1 oven",1,1,0,0,1,0,0,0,0,0,0,0,0,1,0,0
52358,331139,images/real/000000331139.jpg,"1 person, 3 wine glass, 7 cup, 3 bowl, 1 dining table, 1 sink, 1 clock",1,1,0,1,1,0,0,0,1,0,0,0,0,0,1,0
52378,97844,images/real/000000097844.jpg,"1 tv, 1 laptop, 1 mouse, 1 keyboard, 1 cell phone",0,0,0,0,0,0,0,0,0,1,1,0,1,0,0,0
52379,341696,images/real/000000341696.jpg,"1 person, 1 tie, 1 chair, 1 bed, 1 tv",1,1,0,0,0,1,0,1,0,1,0,0,0,0,0,0
52384,291677,images/real/000000291677.jpg,"1 person, 2 backpack, 1 handbag, 1 bottle, 10 chair, 3 couch, 1 potted plant, 2 dining table, 1 tv, 3 remote, 1 refrigerator",1,1,1,0,0,1,1,0,1,1,0,1,0,0,0,0
52386,353351,images/real/000000353351.jpg,1 cat,0,0,0,0,0,0,0,0,0,0,0,0,0,0,0,0
52389,65244,images/real/000000065244.jpg,"1 person, 1 toothbrush",1,1,0,0,0,0,0,0,0,0,0,0,0,0,0,0
52393,507166,images/real/000000507166.jpg,"1 person, 1 tie",1,1,0,0,0,0,0,0,0,0,0,0,0,0,0,0
52395,337068,images/real/000000337068.jpg,"1 backpack, 1 bottle, 4 chair, 1 potted plant, 1 dining table, 1 laptop, 3 book, 1 vase",0,0,1,0,0,1,0,0,1,0,1,0,0,0,0,1
52397,100187,images/real/000000100187.jpg,"3 chair, 2 couch, 1 remote, 2 book",0,0,0,0,0,1,1,0,0,0,0,1,0,0,0,1
52433,494341,images/real/000000494341.jpg,"1 person, 1 handbag, 1 couch, 2 laptop, 1 remote, 1 book",1,1,0,0,0,0,1,0,0,0,1,1,0,0,0,1
52448,136572,images/real/000000136572.jpg,2 motorcycle,0,0,0,0,0,0,0,0,0,0,0,0,0,0,0,0
52453,540326,images/real/000000540326.jpg,"1 person, 1 chair, 1 potted plant, 1 tv, 1 remote",1,1,0,0,0,1,0,0,0,1,0,1,0,0,0,0
52470,71792,images/real/000000071792.jpg,"1 cat, 1 bowl",0,0,0,0,1,0,0,0,0,0,0,0,0,0,0,0
52474,172232,images/real/000000172232.jpg,"1 bottle, 2 chair, 1 refrigerator",0,0,1,0,0,1,0,0,0,0,0,0,0,0,0,0
52482,343083,images/real/000000343083.jpg,4 bicycle,0,0,0,0,0,0,0,0,0,0,0,0,0,0,0,0
52506,190125,images/real/000000190125.jpg,"1 person, 1 umbrella",1,1,0,0,0,0,0,0,0,0,0,0,0,0,0,0
52508,208146,images/real/000000208146.jpg,"1 person, 1 cell phone, 1 toothbrush",1,1,0,0,0,0,0,0,0,0,0,0,1,0,0,0
52533,192862,images/real/000000192862.jpg,1 teddy bear,0,0,0,0,0,0,0,0,0,0,0,0,0,0,0,0
52535,132646,images/real/000000132646.jpg,"1 cat, 1 bottle",0,0,1,0,0,0,0,0,0,0,0,0,0,0,0,0
52536,230867,images/real/000000230867.jpg,"1 cat, 1 laptop",0,0,0,0,0,0,0,0,0,0,1,0,0,0,0,0
52537,248709,images/real/000000248709.jpg,"1 laptop, 1 cell phone, 3 book",0,0,0,0,0,0,0,0,0,0,1,0,1,0,0,1
52545,267321,images/real/000000267321.jpg,"1 cat, 1 baseball glove, 1 chair, 1 couch, 2 potted plant, 2 remote, 1 book",0,0,0,0,0,1,1,0,0,0,0,1,0,0,0,1
52549,438252,images/real/000000438252.jpg,"1 tv, 1 laptop, 1 mouse",0,0,0,0,0,0,0,0,0,1,1,0,0,0,0,0
52554,1622,images/real/000000001622.jpg,"1 dog, 1 toilet",0,0,0,0,0,0,0,0,0,0,0,0,0,0,0,0
52573,491,images/real/000000000491.jpg,4 teddy bear,0,0,0,0,0,0,0,0,0,0,0,0,0,0,0,0
52576,547130,images/real/000000547130.jpg,"1 cat, 1 chair, 1 vase",0,0,0,0,0,1,0,0,0,0,0,0,0,0,0,0
52577,263612,images/real/000000263612.jpg,1 dog,0,0,0,0,0,0,0,0,0,0,0,0,0,0,0,0
52586,93201,images/real/000000093201.jpg,1 dog,0,0,0,0,0,0,0,0,0,0,0,0,0,0,0,0
52588,250108,images/real/000000250108.jpg,"12 car, 2 bottle, 2 cup, 1 laptop, 1 mouse, 1 keyboard, 2 book",0,0,1,1,0,0,0,0,0,0,1,0,0,0,0,1
52594,66388,images/real/000000066388.jpg,"1 person, 1 spoon, 1 bowl, 5 sandwich",1,1,0,0,1,0,0,0,0,0,0,0,0,0,0,0
52596,118605,images/real/000000118605.jpg,"1 person, 1 handbag, 1 cup, 2 couch, 1 potted plant, 2 tv",1,1,0,1,0,0,1,0,0,1,0,0,0,0,0,0
52604,378751,images/real/000000378751.jpg,"1 cat, 1 couch, 1 remote",0,0,0,0,0,0,1,0,0,0,0,1,0,0,0,0
52614,132067,images/real/000000132067.jpg,"1 person, 1 chair, 1 bed, 1 tv, 1 book",1,1,0,0,0,1,0,1,0,1,0,0,0,0,0,1
52616,368844,images/real/000000368844.jpg,"1 person, 4 bottle, 1 sandwich, 1 microwave",1,1,1,0,0,0,0,0,0,0,0,0,0,0,0,0
52623,473678,images/real/000000473678.jpg,"1 person, 1 dining table, 1 book, 1 scissors",1,1,0,0,0,0,0,0,1,0,0,0,0,0,0,1
52644,500646,images/real/000000500646.jpg,"1 cat, 1 bed, 2 book",0,0,0,0,0,0,0,1,0,0,0,0,0,0,0,1
52671,332914,images/real/000000332914.jpg,"1 person, 2 bed, 1 remote",1,1,0,0,0,0,0,1,0,0,0,1,0,0,0,0
52672,333758,images/real/000000333758.jpg,"1 cat, 1 laptop",0,0,0,0,0,0,0,0,0,0,1,0,0,0,0,0
52673,2992,images/real/000000002992.jpg,"1 person, 1 cake, 1 dining table",1,1,0,0,0,0,0,0,1,0,0,0,0,0,0,0
52679,109296,images/real/000000109296.jpg,"1 cat, 1 couch, 1 bed, 1 laptop, 1 mouse, 1 book",0,0,0,0,0,0,1,1,0,0,1,0,0,0,0,1
52682,399832,images/real/000000399832.jpg,"1 person, 1 microwave, 1 oven, 1 sink, 1 refrigerator",1,1,0,0,0,0,0,0,0,0,0,0,0,1,1,0
52693,383413,images/real/000000383413.jpg,2 bear,0,0,0,0,0,0,0,0,0,0,0,0,0,0,0,0
52696,528788,images/real/000000528788.jpg,"1 person, 1 bottle, 1 toothbrush",1,1,1,0,0,0,0,0,0,0,0,0,0,0,0,0
52698,8721,images/real/000000008721.jpg,"1 tv, 1 laptop, 1 mouse, 2 keyboard, 1 book",0,0,0,0,0,0,0,0,0,1,1,0,0,0,0,1
52701,319134,images/real/000000319134.jpg,"1 person, 1 bottle, 3 apple, 1 sandwich, 1 potted plant, 1 dining table, 2 microwave",1,1,1,0,0,0,0,0,1,0,0,0,0,0,0,0
52705,466967,images/real/000000466967.jpg,"1 mouse, 1 keyboard",0,0,0,0,0,0,0,0,0,0,0,0,0,0,0,0
52707,167874,images/real/000000167874.jpg,1 cat,0,0,0,0,0,0,0,0,0,0,0,0,0,0,0,0
52718,23914,images/real/000000023914.jpg,"1 person, 1 dog, 2 chair, 2 couch, 1 dining table, 2 laptop, 1 remote",1,1,0,0,0,1,1,0,1,0,1,1,0,0,0,0
52744,517910,images/real/000000517910.jpg,1 train,0,0,0,0,0,0,0,0,0,0,0,0,0,0,0,0
52746,231080,images/real/000000231080.jpg,"1 person, 1 toilet",1,1,0,0,0,0,0,0,0,0,0,0,0,0,0,0
52754,520114,images/real/000000520114.jpg,"1 person, 1 bed, 1 tv, 1 remote",1,1,0,0,0,0,0,1,0,1,0,1,0,0,0,0
52760,54717,images/real/000000054717.jpg,"2 cat, 1 dining table",0,0,0,0,0,0,0,0,1,0,0,0,0,0,0,0
52771,116031,images/real/000000116031.jpg,"2 motorcycle, 1 cat",0,0,0,0,0,0,0,0,0,0,0,0,0,0,0,0
52783,150512,images/real/000000150512.jpg,"1 person, 1 spoon, 1 bowl, 1 oven, 1 sink",1,1,0,0,1,0,0,0,0,0,0,0,0,1,1,0
52785,80200,images/real/000000080200.jpg,"1 person, 1 umbrella, 6 bottle",1,1,1,0,0,0,0,0,0,0,0,0,0,0,0,0
52788,443192,images/real/000000443192.jpg,"1 person, 1 cat, 1 couch, 1 bed, 1 cell phone, 3 book",1,1,0,0,0,0,1,1,0,0,0,0,1,0,0,1
52793,122777,images/real/000000122777.jpg,"1 tv, 2 laptop, 1 keyboard",0,0,0,0,0,0,0,0,0,1,1,0,0,0,0,0
52800,127418,images/real/000000127418.jpg,"1 cup, 1 mouse, 1 keyboard",0,0,0,1,0,0,0,0,0,0,0,0,0,0,0,0
52806,355389,images/real/000000355389.jpg,"1 dog, 2 tv, 1 mouse, 1 keyboard",0,0,0,0,0,0,0,0,0,1,0,0,0,0,0,0
52808,471686,images/real/000000471686.jpg,"1 person, 2 bottle, 2 spoon, 1 bowl, 3 chair, 1 dining table, 1 sink, 1 vase, 1 scissors",1,1,1,0,1,1,0,0,1,0,0,0,0,0,1,0
52814,446812,images/real/000000446812.jpg,"1 person, 6 bottle, 1 refrigerator",1,1,1,0,0,0,0,0,0,0,0,0,0,0,0,0
52818,481821,images/real/000000481821.jpg,"1 person, 7 apple, 1 teddy bear",1,1,0,0,0,0,0,0,0,0,0,0,0,0,0,0
52828,131203,images/real/000000131203.jpg,"1 laptop, 1 mouse, 1 keyboard",0,0,0,0,0,0,0,0,0,0,1,0,0,0,0,0
52829,255573,images/real/000000255573.jpg,"1 person, 1 car, 1 cup, 1 tv, 1 mouse, 1 keyboard",1,1,0,1,0,0,0,0,0,1,0,0,0,0,0,0
52836,531076,images/real/000000531076.jpg,1 cat,0,0,0,0,0,0,0,0,0,0,0,0,0,0,0,0
52842,540538,images/real/000000540538.jpg,1 dog,0,0,0,0,0,0,0,0,0,0,0,0,0,0,0,0
52854,225517,images/real/000000225517.jpg,"1 person, 1 pizza, 1 microwave, 1 oven",1,1,0,0,0,0,0,0,0,0,0,0,0,1,0,0
52858,408730,images/real/000000408730.jpg,"1 cup, 5 chair, 2 couch, 1 potted plant, 1 dining table, 2 book, 2 vase",0,0,0,1,0,1,1,0,1,0,0,0,0,0,0,1
52864,285400,images/real/000000285400.jpg,"1 pizza, 1 dining table",0,0,0,0,0,0,0,0,1,0,0,0,0,0,0,0
52878,216437,images/real/000000216437.jpg,"1 cup, 1 tv, 1 laptop, 2 mouse, 2 keyboard, 1 cell phone",0,0,0,1,0,0,0,0,0,1,1,0,1,0,0,0
52881,130456,images/real/000000130456.jpg,"1 chair, 1 couch, 1 laptop, 3 remote",0,0,0,0,0,1,1,0,0,0,1,1,0,0,0,0
52883,529383,images/real/000000529383.jpg,"1 handbag, 2 laptop, 2 cell phone, 2 book",0,0,0,0,0,0,0,0,0,0,1,0,1,0,0,1
52885,162031,images/real/000000162031.jpg,"1 cat, 1 bed",0,0,0,0,0,0,0,1,0,0,0,0,0,0,0,0
52891,12700,images/real/000000012700.jpg,"1 person, 3 bottle, 3 chair, 2 couch, 3 potted plant, 15 book, 1 clock, 2 vase",1,1,1,0,0,1,1,0,0,0,0,0,0,0,0,1
52892,309774,images/real/000000309774.jpg,1 motorcycle,0,0,0,0,0,0,0,0,0,0,0,0,0,0,0,0
52897,374133,images/real/000000374133.jpg,1 couch,0,0,0,0,0,0,1,0,0,0,0,0,0,0,0,0
52901,209903,images/real/000000209903.jpg,"1 cat, 2 couch",0,0,0,0,0,0,1,0,0,0,0,0,0,0,0,0
52906,187488,images/real/000000187488.jpg,"1 person, 1 chair, 1 tv",1,1,0,0,0,1,0,0,0,1,0,0,0,0,0,0
52912,563999,images/real/000000563999.jpg,"1 person, 2 orange",1,1,0,0,0,0,0,0,0,0,0,0,0,0,0,0
52917,333247,images/real/000000333247.jpg,"1 chair, 1 potted plant, 1 laptop, 1 refrigerator, 2 book",0,0,0,0,0,1,0,0,0,0,1,0,0,0,0,1
52919,525876,images/real/000000525876.jpg,"1 person, 1 spoon, 1 bowl, 1 dining table",1,1,0,0,1,0,0,0,1,0,0,0,0,0,0,0
52930,486247,images/real/000000486247.jpg,"1 person, 1 horse",1,1,0,0,0,0,0,0,0,0,0,0,0,0,0,0
52942,282703,images/real/000000282703.jpg,"1 bottle, 1 scissors",0,0,1,0,0,0,0,0,0,0,0,0,0,0,0,0
52950,576612,images/real/000000576612.jpg,1 chair,0,0,0,0,0,1,0,0,0,0,0,0,0,0,0,0
52967,435584,images/real/000000435584.jpg,"1 person, 1 cat, 1 couch, 1 tv, 16 book",1,1,0,0,0,0,1,0,0,1,0,0,0,0,0,1
52968,86168,images/real/000000086168.jpg,1 cat,0,0,0,0,0,0,0,0,0,0,0,0,0,0,0,0
52985,36957,images/real/000000036957.jpg,"1 person, 1 tie",1,1,0,0,0,0,0,0,0,0,0,0,0,0,0,0
52999,495438,images/real/000000495438.jpg,"1 person, 2 knife, 1 cake",1,1,0,0,0,0,0,0,0,0,0,0,0,0,0,0
53013,512416,images/real/000000512416.jpg,"1 person, 2 bowl, 1 cake, 1 microwave, 2 oven, 1 refrigerator",1,1,0,0,1,0,0,0,0,0,0,0,0,1,0,0
53030,354799,images/real/000000354799.jpg,"1 cat, 1 tv, 1 keyboard",0,0,0,0,0,0,0,0,0,1,0,0,0,0,0,0
53041,490400,images/real/000000490400.jpg,"1 person, 3 chair, 2 couch, 3 potted plant, 2 dining table, 1 tv, 1 laptop, 1 clock",1,1,0,0,0,1,1,0,1,1,1,0,0,0,0,0
53046,554332,images/real/000000554332.jpg,"1 cat, 1 bowl",0,0,0,0,1,0,0,0,0,0,0,0,0,0,0,0
53054,557678,images/real/000000557678.jpg,"3 tv, 1 mouse, 2 keyboard",0,0,0,0,0,0,0,0,0,1,0,0,0,0,0,0
53056,252177,images/real/000000252177.jpg,"1 bench, 6 chair, 1 clock",0,0,0,0,0,1,0,0,0,0,0,0,0,0,0,0
53076,426474,images/real/000000426474.jpg,"1 sandwich, 1 dining table",0,0,0,0,0,0,0,0,1,0,0,0,0,0,0,0
53079,151609,images/real/000000151609.jpg,"1 cat, 1 tv, 1 book",0,0,0,0,0,0,0,0,0,1,0,0,0,0,0,1
53084,84097,images/real/000000084097.jpg,"1 person, 1 tie, 1 bottle, 1 cell phone",1,1,1,0,0,0,0,0,0,0,0,0,1,0,0,0
53085,313718,images/real/000000313718.jpg,"1 person, 2 car, 2 bus, 1 horse",1,1,0,0,0,0,0,0,0,0,0,0,0,0,0,0
53086,357342,images/real/000000357342.jpg,"1 cat, 1 dog, 1 mouse",0,0,0,0,0,0,0,0,0,0,0,0,0,0,0,0
53092,542407,images/real/000000542407.jpg,1 dog,0,0,0,0,0,0,0,0,0,0,0,0,0,0,0,0
53099,95915,images/real/000000095915.jpg,4 vase,0,0,0,0,0,0,0,0,0,0,0,0,0,0,0,0
53109,197408,images/real/000000197408.jpg,2 clock,0,0,0,0,0,0,0,0,0,0,0,0,0,0,0,0
53112,513520,images/real/000000513520.jpg,1 microwave,0,0,0,0,0,0,0,0,0,0,0,0,0,0,0,0
53116,530869,images/real/000000530869.jpg,"1 person, 1 bench, 2 bowl, 2 potted plant, 1 sink",1,1,0,0,1,0,0,0,0,0,0,0,0,0,1,0
53120,483028,images/real/000000483028.jpg,"1 couch, 1 bed",0,0,0,0,0,0,1,1,0,0,0,0,0,0,0,0
53121,51272,images/real/000000051272.jpg,"1 cat, 1 couch",0,0,0,0,0,0,1,0,0,0,0,0,0,0,0,0
53135,1895,images/real/000000001895.jpg,"1 person, 1 cup, 1 chair, 1 laptop",1,1,0,1,0,1,0,0,0,0,1,0,0,0,0,0
53138,552755,images/real/000000552755.jpg,"1 handbag, 1 banana, 1 chair, 1 potted plant, 1 dining table, 2 book",0,0,0,0,0,1,0,0,1,0,0,0,0,0,0,1
53154,340145,images/real/000000340145.jpg,"5 chair, 4 couch, 10 potted plant, 1 book, 4 clock",0,0,0,0,0,1,1,0,0,0,0,0,0,0,0,1
53159,219762,images/real/000000219762.jpg,"1 person, 1 spoon, 1 bowl, 1 banana, 1 chair, 1 microwave, 1 oven, 1 sink, 1 refrigerator",1,1,0,0,1,1,0,0,0,0,0,0,0,1,1,0
53161,147551,images/real/000000147551.jpg,"4 bench, 1 chair",0,0,0,0,0,1,0,0,0,0,0,0,0,0,0,0
53166,527224,images/real/000000527224.jpg,"1 person, 1 bed, 1 book",1,1,0,0,0,0,0,1,0,0,0,0,0,0,0,1
53170,579276,images/real/000000579276.jpg,1 oven,0,0,0,0,0,0,0,0,0,0,0,0,0,1,0,0
53177,295970,images/real/000000295970.jpg,"1 bottle, 1 cup, 2 orange, 1 chair",0,0,1,1,0,1,0,0,0,0,0,0,0,0,0,0
53185,436,images/real/000000000436.jpg,"1 person, 1 donut",1,1,0,0,0,0,0,0,0,0,0,0,0,0,0,0
53200,224190,images/real/000000224190.jpg,"1 bottle, 1 laptop, 1 mouse, 1 cell phone",0,0,1,0,0,0,0,0,0,0,1,0,1,0,0,0
53204,208549,images/real/000000208549.jpg,"1 person, 1 cow",1,1,0,0,0,0,0,0,0,0,0,0,0,0,0,0
53206,224662,images/real/000000224662.jpg,"1 person, 1 tie",1,1,0,0,0,0,0,0,0,0,0,0,0,0,0,0
53222,378499,images/real/000000378499.jpg,"1 person, 1 toilet",1,1,0,0,0,0,0,0,0,0,0,0,0,0,0,0
53226,574697,images/real/000000574697.jpg,"3 chair, 1 laptop, 1 remote",0,0,0,0,0,1,0,0,0,0,1,1,0,0,0,0
53227,3580,images/real/000000003580.jpg,"1 person, 3 chair, 1 couch, 1 dining table, 1 remote",1,1,0,0,0,1,1,0,1,0,0,1,0,0,0,0
53229,238799,images/real/000000238799.jpg,"1 person, 1 bed, 1 cell phone",1,1,0,0,0,0,0,1,0,0,0,0,1,0,0,0
53256,336302,images/real/000000336302.jpg,1 cat,0,0,0,0,0,0,0,0,0,0,0,0,0,0,0,0
53263,6358,images/real/000000006358.jpg,"1 person, 1 cup, 1 sink, 1 toothbrush",1,1,0,1,0,0,0,0,0,0,0,0,0,0,1,0
53278,513129,images/real/000000513129.jpg,"1 person, 2 cup, 1 sink",1,1,0,1,0,0,0,0,0,0,0,0,0,0,1,0
53281,131511,images/real/000000131511.jpg,"1 person, 1 sports ball, 1 tennis racket",1,1,0,0,0,0,0,0,0,0,0,0,0,0,0,0
53289,492816,images/real/000000492816.jpg,"1 cat, 1 chair, 2 dining table, 1 vase",0,0,0,0,0,1,0,0,1,0,0,0,0,0,0,0
53297,126020,images/real/000000126020.jpg,"3 bicycle, 1 truck, 1 bench",0,0,0,0,0,0,0,0,0,0,0,0,0,0,0,0
53301,234515,images/real/000000234515.jpg,"1 person, 1 bottle, 1 chair, 1 tv",1,1,1,0,0,1,0,0,0,1,0,0,0,0,0,0
53313,208082,images/real/000000208082.jpg,"1 person, 1 bed, 2 teddy bear",1,1,0,0,0,0,0,1,0,0,0,0,0,0,0,0
53316,223470,images/real/000000223470.jpg,2 teddy bear,0,0,0,0,0,0,0,0,0,0,0,0,0,0,0,0
53348,425117,images/real/000000425117.jpg,"1 cup, 1 chair, 3 tv, 3 laptop, 1 mouse, 1 remote, 2 keyboard, 3 book",0,0,0,1,0,1,0,0,0,1,1,1,0,0,0,1
53377,389340,images/real/000000389340.jpg,1 fire hydrant,0,0,0,0,0,0,0,0,0,0,0,0,0,0,0,0
53380,564830,images/real/000000564830.jpg,"1 person, 1 tv, 8 book",1,1,0,0,0,0,0,0,0,1,0,0,0,0,0,1
53382,570333,images/real/000000570333.jpg,"2 book, 1 clock",0,0,0,0,0,0,0,0,0,0,0,0,0,0,0,1
53384,493199,images/real/000000493199.jpg,"1 person, 2 pizza, 1 oven",1,1,0,0,0,0,0,0,0,0,0,0,0,1,0,0
53386,267942,images/real/000000267942.jpg,1 refrigerator,0,0,0,0,0,0,0,0,0,0,0,0,0,0,0,0
53405,113389,images/real/000000113389.jpg,1 cat,0,0,0,0,0,0,0,0,0,0,0,0,0,0,0,0
53437,321811,images/real/000000321811.jpg,"1 person, 2 bowl, 1 chair, 1 oven",1,1,0,0,1,1,0,0,0,0,0,0,0,1,0,0
53449,30222,images/real/000000030222.jpg,"2 handbag, 6 suitcase",0,0,0,0,0,0,0,0,0,0,0,0,0,0,0,0
53452,40842,images/real/000000040842.jpg,"1 cat, 1 tv, 1 laptop",0,0,0,0,0,0,0,0,0,1,1,0,0,0,0,0
53455,348144,images/real/000000348144.jpg,"1 person, 1 skateboard, 1 bottle",1,1,1,0,0,0,0,0,0,0,0,0,0,0,0,0
53456,442364,images/real/000000442364.jpg,"1 person, 12 bottle, 1 refrigerator",1,1,1,0,0,0,0,0,0,0,0,0,0,0,0,0
53461,522194,images/real/000000522194.jpg,"1 person, 1 tie, 1 tv",1,1,0,0,0,0,0,0,0,1,0,0,0,0,0,0
53467,361769,images/real/000000361769.jpg,"1 person, 1 tie",1,1,0,0,0,0,0,0,0,0,0,0,0,0,0,0
53468,282828,images/real/000000282828.jpg,"2 bottle, 1 bowl, 1 laptop, 1 book",0,0,1,0,1,0,0,0,0,0,1,0,0,0,0,1
53469,290563,images/real/000000290563.jpg,"1 cat, 1 laptop",0,0,0,0,0,0,0,0,0,0,1,0,0,0,0,0
53495,5142,images/real/000000005142.jpg,"1 cat, 1 suitcase, 1 chair, 1 bed",0,0,0,0,0,1,0,1,0,0,0,0,0,0,0,0
53516,292482,images/real/000000292482.jpg,"1 person, 1 chair, 1 dining table, 1 scissors",1,1,0,0,0,1,0,0,1,0,0,0,0,0,0,0
53533,550978,images/real/000000550978.jpg,"1 dog, 1 scissors",0,0,0,0,0,0,0,0,0,0,0,0,0,0,0,0
53535,306080,images/real/000000306080.jpg,"1 cup, 1 spoon, 2 apple, 1 dining table, 1 vase",0,0,0,1,0,0,0,0,1,0,0,0,0,0,0,0
53536,320902,images/real/000000320902.jpg,"1 person, 2 dog, 1 knife, 2 cake, 2 chair, 1 dining table",1,1,0,0,0,1,0,0,1,0,0,0,0,0,0,0
53540,484401,images/real/000000484401.jpg,"1 cat, 14 book",0,0,0,0,0,0,0,0,0,0,0,0,0,0,0,1
53546,126958,images/real/000000126958.jpg,1 clock,0,0,0,0,0,0,0,0,0,0,0,0,0,0,0,0
53558,572584,images/real/000000572584.jpg,"1 cat, 1 bottle",0,0,1,0,0,0,0,0,0,0,0,0,0,0,0,0
53560,531751,images/real/000000531751.jpg,"1 person, 1 teddy bear",1,1,0,0,0,0,0,0,0,0,0,0,0,0,0,0
53563,10107,images/real/000000010107.jpg,1 dog,0,0,0,0,0,0,0,0,0,0,0,0,0,0,0,0
53580,145849,images/real/000000145849.jpg,"1 person, 1 tie",1,1,0,0,0,0,0,0,0,0,0,0,0,0,0,0
53594,336182,images/real/000000336182.jpg,"1 person, 1 handbag, 2 bottle, 3 chair, 1 bed, 1 dining table, 1 toothbrush",1,1,1,0,0,1,0,1,1,0,0,0,0,0,0,0
53606,535050,images/real/000000535050.jpg,1 suitcase,0,0,0,0,0,0,0,0,0,0,0,0,0,0,0,0
53611,318646,images/real/000000318646.jpg,"1 person, 1 bed, 1 tv, 12 book",1,1,0,0,0,0,0,1,0,1,0,0,0,0,0,1
53618,139758,images/real/000000139758.jpg,"4 chair, 1 couch, 2 dining table, 1 tv, 3 book",0,0,0,0,0,1,1,0,1,1,0,0,0,0,0,1
53620,579003,images/real/000000579003.jpg,"1 person, 1 backpack, 2 sink",1,1,0,0,0,0,0,0,0,0,0,0,0,0,1,0
53625,20207,images/real/000000020207.jpg,"1 cat, 1 bed",0,0,0,0,0,0,0,1,0,0,0,0,0,0,0,0
53636,2270,images/real/000000002270.jpg,"2 cup, 2 bowl, 3 chair, 1 couch, 1 potted plant, 2 book, 2 vase",0,0,0,1,1,1,1,0,0,0,0,0,0,0,0,1
53638,541282,images/real/000000541282.jpg,"1 person, 1 bed",1,1,0,0,0,0,0,1,0,0,0,0,0,0,0,0
53641,180696,images/real/000000180696.jpg,"1 person, 1 tie",1,1,0,0,0,0,0,0,0,0,0,0,0,0,0,0
53642,351159,images/real/000000351159.jpg,"1 bottle, 1 cup, 1 tv, 1 mouse, 1 keyboard, 5 book",0,0,1,1,0,0,0,0,0,1,0,0,0,0,0,1
53651,364234,images/real/000000364234.jpg,"14 bicycle, 3 car, 2 motorcycle, 4 truck, 4 traffic light",0,0,0,0,0,0,0,0,0,0,0,0,0,0,0,0
53655,307989,images/real/000000307989.jpg,"2 cat, 1 sports ball, 2 bowl",0,0,0,0,1,0,0,0,0,0,0,0,0,0,0,0
53679,258765,images/real/000000258765.jpg,"1 cat, 1 remote",0,0,0,0,0,0,0,0,0,0,0,1,0,0,0,0
53690,241279,images/real/000000241279.jpg,"1 cat, 1 chair, 2 vase",0,0,0,0,0,1,0,0,0,0,0,0,0,0,0,0
53692,90823,images/real/000000090823.jpg,1 cat,0,0,0,0,0,0,0,0,0,0,0,0,0,0,0,0
53701,33751,images/real/000000033751.jpg,"1 tv, 1 laptop, 1 keyboard",0,0,0,0,0,0,0,0,0,1,1,0,0,0,0,0
53702,426841,images/real/000000426841.jpg,"1 person, 3 chair, 1 dining table, 1 clock",1,1,0,0,0,1,0,0,1,0,0,0,0,0,0,0
53709,474597,images/real/000000474597.jpg,"1 bicycle, 1 boat",0,0,0,0,0,0,0,0,0,0,0,0,0,0,0,0
53727,496100,images/real/000000496100.jpg,"1 knife, 2 apple",0,0,0,0,0,0,0,0,0,0,0,0,0,0,0,0
53733,190554,images/real/000000190554.jpg,"1 person, 3 wine glass, 1 fork, 1 cake, 1 dining table",1,1,0,0,0,0,0,0,1,0,0,0,0,0,0,0
53743,527529,images/real/000000527529.jpg,"1 cat, 1 handbag, 2 book",0,0,0,0,0,0,0,0,0,0,0,0,0,0,0,1
53744,17769,images/real/000000017769.jpg,"1 bear, 2 teddy bear",0,0,0,0,0,0,0,0,0,0,0,0,0,0,0,0
53748,352623,images/real/000000352623.jpg,"1 person, 1 toilet",1,1,0,0,0,0,0,0,0,0,0,0,0,0,0,0
53759,145651,images/real/000000145651.jpg,"1 backpack, 1 bed, 1 tv",0,0,0,0,0,0,0,1,0,1,0,0,0,0,0,0
53761,173350,images/real/000000173350.jpg,"2 dog, 1 toilet",0,0,0,0,0,0,0,0,0,0,0,0,0,0,0,0
53773,422956,images/real/000000422956.jpg,"1 person, 1 bed, 1 clock",1,1,0,0,0,0,0,1,0,0,0,0,0,0,0,0
53779,166130,images/real/000000166130.jpg,"1 bowl, 1 microwave, 1 oven, 1 refrigerator, 1 vase",0,0,0,0,1,0,0,0,0,0,0,0,0,1,0,0
53793,578210,images/real/000000578210.jpg,"1 person, 1 cake, 1 cell phone",1,1,0,0,0,0,0,0,0,0,0,0,1,0,0,0
53800,419693,images/real/000000419693.jpg,"1 person, 1 oven",1,1,0,0,0,0,0,0,0,0,0,0,0,1,0,0
53817,439117,images/real/000000439117.jpg,"1 person, 1 car, 1 wine glass, 1 couch, 1 tv, 1 teddy bear",1,1,0,0,0,0,1,0,0,1,0,0,0,0,0,0
53829,91006,images/real/000000091006.jpg,"2 cat, 1 backpack, 1 bowl, 1 bed",0,0,0,0,1,0,0,1,0,0,0,0,0,0,0,0
53835,573753,images/real/000000573753.jpg,"1 person, 1 cat, 1 bed",1,1,0,0,0,0,0,1,0,0,0,0,0,0,0,0
53839,488240,images/real/000000488240.jpg,"1 person, 1 cell phone, 1 toothbrush",1,1,0,0,0,0,0,0,0,0,0,0,1,0,0,0
53843,173998,images/real/000000173998.jpg,"1 person, 1 toothbrush",1,1,0,0,0,0,0,0,0,0,0,0,0,0,0,0
53846,152060,images/real/000000152060.jpg,"1 person, 8 bottle, 1 wine glass, 1 knife, 3 spoon, 2 sandwich, 2 cake, 1 chair, 1 dining table, 1 remote, 2 cell phone, 1 oven, 1 sink, 1 refrigerator",1,1,1,0,0,1,0,0,1,0,0,1,1,1,1,0
53849,270234,images/real/000000270234.jpg,"1 person, 1 dog, 1 horse",1,1,0,0,0,0,0,0,0,0,0,0,0,0,0,0
53852,399746,images/real/000000399746.jpg,12 scissors,0,0,0,0,0,0,0,0,0,0,0,0,0,0,0,0
53858,353976,images/real/000000353976.jpg,"1 person, 2 dog, 1 bed",1,1,0,0,0,0,0,1,0,0,0,0,0,0,0,0
53862,472226,images/real/000000472226.jpg,"1 bottle, 1 microwave",0,0,1,0,0,0,0,0,0,0,0,0,0,0,0,0
53864,330756,images/real/000000330756.jpg,1 scissors,0,0,0,0,0,0,0,0,0,0,0,0,0,0,0,0
53876,558579,images/real/000000558579.jpg,"1 person, 1 snowboard",1,1,0,0,0,0,0,0,0,0,0,0,0,0,0,0
53887,45976,images/real/000000045976.jpg,"1 person, 1 sink",1,1,0,0,0,0,0,0,0,0,0,0,0,0,1,0
53916,438993,images/real/000000438993.jpg,"1 person, 4 sink",1,1,0,0,0,0,0,0,0,0,0,0,0,0,1,0
53940,379101,images/real/000000379101.jpg,"1 bed, 1 teddy bear",0,0,0,0,0,0,0,1,0,0,0,0,0,0,0,0
53950,576994,images/real/000000576994.jpg,"2 chair, 3 couch, 2 vase",0,0,0,0,0,1,1,0,0,0,0,0,0,0,0,0
53959,402514,images/real/000000402514.jpg,"1 person, 1 backpack, 1 cup, 1 bowl, 9 apple, 8 orange, 2 potted plant, 1 microwave, 1 refrigerator, 1 vase",1,1,0,1,1,0,0,0,0,0,0,0,0,0,0,0
53961,246852,images/real/000000246852.jpg,"12 bottle, 3 cup, 6 bowl, 10 chair, 1 dining table, 2 oven, 1 sink, 3 book",0,0,1,1,1,1,0,0,1,0,0,0,0,1,1,1
53963,168122,images/real/000000168122.jpg,"1 chair, 1 tv, 14 book",0,0,0,0,0,1,0,0,0,1,0,0,0,0,0,1
53965,34415,images/real/000000034415.jpg,"1 cat, 1 chair",0,0,0,0,0,1,0,0,0,0,0,0,0,0,0,0
53967,531014,images/real/000000531014.jpg,"1 person, 2 sink",1,1,0,0,0,0,0,0,0,0,0,0,0,0,1,0
53970,83586,images/real/000000083586.jpg,"1 cup, 2 tv, 2 laptop, 2 mouse, 3 keyboard, 1 cell phone, 1 book",0,0,0,1,0,0,0,0,0,1,1,0,1,0,0,1
53987,345068,images/real/000000345068.jpg,4 bed,0,0,0,0,0,0,0,1,0,0,0,0,0,0,0,0
53997,565091,images/real/000000565091.jpg,"1 person, 1 cell phone",1,1,0,0,0,0,0,0,0,0,0,0,1,0,0,0
54023,544472,images/real/000000544472.jpg,1 pizza,0,0,0,0,0,0,0,0,0,0,0,0,0,0,0,0
